number,alpha,common,band_size,scientific,T & E*,Comments,taxonomic_order
5920,ABTO,Abert's Towhee,"1A, 2, 1D",Melozone aberti,,,1028
4650,ACFL,Acadian Flycatcher,"0A, 0",Empidonax virescens,Ontario,,663
4070,ACWO,Acorn Woodpecker,"2, 1D, 2A",Melanerpes formicivorus,,,591
6641,ADWA,Adelaide's Warbler,"0A, 0",Setophaga adelaidae,,,976
8504,ADPE,Adelie Penguin,9,Pygoscelis adeliae,,,107
3152,AFCD,African Collared-Dove,"4, 4A",Streptopelia roseogrisea,,,472
8514,AFPE,African Penguin,9,Spheniscus demersus,,,114
8100,AFSI,African Silverbill,"0, 0A, 1C",Euodice cantans,,,1209
7960,AKEK,Akekee,"1, 1C",Loxops caeruleirostris,Y,,1171
7950,AKEP,Akepa,"0, 1",Loxops coccineus,Y,,1172
7890,AKIP,Akiapolaau,"1A, 1B",Hemignathus wilsoni,Y,,1164
7900,AKIK,Akikiki,"1, 1C, 0",Oreomystis bairdi,Y,,1166
8010,AKOH,Akohekohe,1A,Palmeria dolei,Y,,1174
232,AMMU,Alaska Marbled Murrelet,"3, 3B",Brachyramphus marmoratus,,Alaskan populations of Marbled Murrelet (not endangered).,385
4661,ALFL,Alder Flycatcher,"0A, 0",Empidonax alnorum,,AOU split from 4669-TRFL in 1973.,664
1721,ACGO,Aleutian Cackling Goose,"7B, 7",Branta hutchinsii leucopareia,,,21
730,ALTE,Aleutian Tern,"2, 2A, 1D",Onychoprion aleuticus,,,440
4340,ALHU,Allen's Hummingbird,X,Selasphorus sasin,,"Appropriate diameter to be determined based on species, gender, and geographic considerations.",564
5031,ALOR,Altamira Oriole,3,Icterus gularis,,,1141
2250,AMAV,American Avocet,"4, 4A",Recurvirostra americana,,Band above the intertarsal joint only.,295
1900,AMBI,American Bittern,"M: 7A
F: 6",Botaurus lentiginosus,,,212
1330,ABDU,American Black Duck,7A,Anas rubripes,,,43
1337,ABDX,American Black Duck Dominant X Mallard Hybrid,7A,,,Anas rubripes X A. platyrhynchos,44
2210,AMCO,American Coot,"6, 5A, 5",Fulica americana,,,286
4880,AMCR,American Crow,"5, 5A",Corvus brachyrhynchos,,,750
7010,AMDI,American Dipper,"2, 1D, 1A",Cinclus mexicanus,,,817
1820,AMFL,American Flamingo,"8, 8A",Phoenicopterus ruber,,,103
2720,AMGP,American Golden-Plover,"3, 2A, 2",Pluvialis dominica,,AOU split from 2729-LEGP in 1993.,301
5290,AMGO,American Goldfinch,"0, 0A, 1C, 1",Spinus tristis,,,1191
3341,AGOS,American Goshawk,"M: 6, 7A
F: 7A, 7B",Accipiter atricapillus,British Columbia,"Northern Goshawk split, AOS 64rd Supplement (2023)",248
3600,AMKE,American Kestrel,"3B, 3A, 3",Falco sparverius,,,623
2860,AMOY,American Oystercatcher,"5A, 5, 6",Haematopus palliatus,,,296
6970,AMPI,American Pipit,"1, 1C",Anthus rubescens,,,909
6870,AMRE,American Redstart,"0A, 0",Setophaga ruticilla,,,952
7610,AMRO,American Robin,2,Turdus migratorius,,,872
4010,ATTW,American Three-toed Woodpecker,2,Picoides dorsalis,,,609
5590,ATSP,American Tree Sparrow,"1, 0, 1C",Spizelloides arborea,,,1033
1250,AWPE,American White Pelican,"9, 9C, 8A",Pelecanus erythrorhynchos,,,210
1370,AMWI,American Wigeon,6,Mareca americana,,,41
2280,AMWO,American Woodcock,3,Scolopax minor,,,367
210,ANMU,Ancient Murrelet,"3, 3B",Synthliboramphus antiquus,,,392
1180,ANHI,Anhinga,"7B, 8",Anhinga anhinga,,,209
7840,ANIA,Anianiau,"0, 1C, 1",Magumma parva,,,1165
4310,ANHU,Anna's Hummingbird,X,Calypte anna,,"Appropriate diameter to be determined based on species, gender, and geographic considerations.",559
8532,ANPE,Antarctic Petrel,5,Thalassoica antarctica,,,136
8548,ANTE,Antarctic Tern,"3, 3B",Sterna vittata,,,455
4364,ACHU,Antillean Crested Hummingbird,X,Orthorhyncus cristatus,,"Appropriate diameter to be determined based on species, gender, and geographic considerations.",571
6061,ANEU,Antillean Euphonia,"0, 1C, 1",Chlorophonia musica,,,1148
4201,ANNI,Antillean Nighthawk,"2, 1A, 1D",Chordeiles gundlachii,,,530
8020,APAP,Apapane,"1, 1C, 1B",Himatione sanguinea,,,1175
3590,APFA,Aplomado Falcon,"M: 4
F: 5",Falco femoralis,Y,Lock-on bands recommended.,625
90,ARLO,Arctic Loon,7B,Gavia arctica,,,91
710,ARTE,Arctic Tern,"2, 2A",Sterna paradisaea,,,454
7470,ARWA,Arctic Warbler,"0A, 0",Phylloscopus borealis,,,825
7476,AKLW,Arctic/Kamchatka Leaf Warbler,"0A, 0",,,Phylloscopus borealis and P. examinandus prior to split in 2014,826
3980,ARWO,Arizona Woodpecker,1A,Dryobates arizonae,,,606
9141,ARRW,Arrowhead Warbler,0A,Setophaga pharetra,,,950
4540,ATFL,Ash-throated Flycatcher,"1B, 1A, 1",Myiarchus cinerascens,,,683
1080,ASSP,Ashy Storm-Petrel,1B,Hydrobates homochroa,,,182
3651,AFOW,Ashy-faced Owl,"6, 7A",Tyto glaucops,,Lock-on bands recommended.,504
1730,ATBR,Atlantic Brant,"7B, 7",Branta bernicla hrota,,,17
130,ATPU,Atlantic Puffin,5,Fratercula arctica,,,399
3621,ACCA,Audubon's Crested Caracara,"7A, 7B",Caracara plancus audubonii,Y,Endangered population in Florida. Lock-on bands recommended.,621
5030,AUOR,Audubon's Oriole,2,Icterus graduacauda,,,1142
920,AUSH,Audubon's Shearwater,"3B, 3A",Puffinus lherminieri,,,173
6560,AUWA,Audubon's Warbler,"0, 1C, 0A, 1",Setophaga coronata auduboni,,,972
7631,AZTH,Aztec Thrush,2,Ridgwayia pinicola,,,876
5750,BACS,Bachman's Sparrow,"1, 1C",Peucaea aestivalis,,,1032
7031,BAMO,Bahama Mockingbird,"2, 1D, 1A",Mimus gundlachii,,,888
5044,BAHO,Bahama Oriole,"1A, 1D, 2",Icterus northropi,,,1127
6151,BAHS,Bahama Swallow,"0, 1, 1C",Tachycineta cyaneoviridis,,,770
4371,BAWO,Bahama Woodstar,X,Nesophlox evelynae,,"Appropriate diameter to be determined based on species, gender, and geographic considerations.",555
9145,BAYE,Bahama Yellowthroat,"1, 1C",Geothlypis rostrata,,,947
1391,BATE,Baikal Teal,4A,Sibirionetta formosa,,,60
2410,BASA,Baird's Sandpiper,"1B, 1A",Calidris bairdii,,,352
5450,BAIS,Baird's Sparrow,"1, 1C",Centronyx bairdii,,,1055
7532,BACG,Baja Gnatcatcher,0A,Polioptila californica,,,814
3520,BAEA,Bald Eagle,"9, 8A, 9A",Haliaeetus leucocephalus,,Rivet bands only.,242
5070,BAOR,Baltimore Oriole,"1A, 1B, 1D",Icterus galbula,,,1143
5078,BBOH,Baltimore X Bullock's Oriole Hybrid,1A,,,,1138
6350,BANA,Bananaquit,"0, 0A, 1C, 1",Coereba flaveola,,,996
1062,BANP,Band-rumped Storm-Petrel,"1B, 1A, 1",Hydrobates castro,Y,,183
3120,BTPI,Band-tailed Pigeon,"5, 5A",Patagioenas fasciata,,,470
6160,BANS,Bank Swallow,"0, 1C, 1, 0A",Riparia riparia,"Alberta
British Columbia
Manitoba
New Brunswick
Newfoundland and Labrador
Nova Scotia
Ontario
Prince Edward Island
Québec
Saskatchewan
Yukon Territory
Northwest Territories",,772
2500,BARG,Bar-tailed Godwit,"M: 4
F: 4A",Limosa lapponica,,,334
6642,BARW,Barbuda Warbler,"0A, 0",Setophaga subita,,,977
3650,BNOW,Barn Owl,"6, 7A",Tyto alba,"British Columbia
Ontario
Québec",Lock-on bands recommended.,503
6130,BARS,Barn Swallow,"1, 0",Hirundo rustica,"Alberta
British Columbia
Manitoba
New Brunswick
Newfoundland and Labrador
Nova Scotia
Ontario
Prince Edward Island
Québec
Saskatchewan
Yukon Territory
Northwest Territories",,775
1750,BRNG,Barnacle Goose,7B,Branta leucopsis,,,20
3680,BDOW,Barred Owl,"7B, 7D",Strix varia,,Lock-on bands recommended.,522
1520,BAGO,Barrow's Goldeneye,"7A, 6",Bucephala islandica,,,82
6600,BBWA,Bay-breasted Warbler,"0, 1C, 0A, 1",Setophaga castanea,,,959
542,BEGU,Belcher's Gull,5,Larus belcheri,,,413
5430,BSSP,Belding's Savannah Sparrow,"1, 1C",Passerculus sandwichensis beldingi,,,1051
5744,BESP,Bell's Sparrow,"1, 1C",Artemisiospiza belli,,AOU split from 5740 Sage Sparrow in 2014.,1047
6330,BEVI,Bell's Vireo,0,Vireo bellii,,,715
3900,BEKI,Belted Kingfisher,"3A, 3B, 3",Megaceryle alcyon,,,586
7080,BETH,Bendire's Thrasher,2,Toxostoma bendirei,,,883
4381,BEHU,Berylline Hummingbird,X,Saucerottia beryllina,,"Appropriate diameter to be determined based on species, gender, and geographic considerations.",572
1801,BESW,Bewick's Swan,9,Cygnus columbianus bewickii,,,34
7190,BEWR,Bewick's Wren,"1, 0, 1C",Thryomanes bewickii,,,809
7571,BITH,Bicknell's Thrush,1B,Catharus bicknelli,"New Brunswick
Nova Scotia
Québec",,860
6223,BIOO,Bishop's Oo,3,Moho bishopi,Y,,914
1740,BLBR,Black Brant,"7A, 7, 7B",Branta bernicla nigricans,,,19
8740,BLDR,Black Drongo,2,Dicrurus macrocercus,,,730
270,BLGU,Black Guillemot,"4, 4A",Cepphus grylle,,,382
791,BLNO,Black Noddy,"2, 3, 2A",Anous minutus,,,434
2870,BLOY,Black Oystercatcher,"5, 5A",Haematopus bachmani,,,297
4580,BLPH,Black Phoebe,"1, 1C",Sayornis nigricans,,,677
2160,BLRA,Black Rail,"1D, 1A, 2",Laterallus jamaicensis,,,267
5250,BLRF,Black Rosy-Finch,"1B, 1A, 1",Leucosticte atrata,,,1150
1630,BLSC,Black Scoter,7A,Melanitta americana,,,78
800,BLSK,Black Skimmer,"4, 4A, 3A, 4V",Rynchops niger,,,464
1070,BLSP,Black Storm-Petrel,"1A, 1B",Hydrobates melania,,,185
4220,BLSW,Black Swift,"1A, 1B",Cypseloides niger,"Alberta
British Columbia",,538
770,BLTE,Black Tern,"1D, 1A, 2",Chlidonias niger,,,447
2840,BLTU,Black Turnstone,"2A, 2",Arenaria melanocephala,,,337
3260,BLVU,Black Vulture,8V,Coragyps atratus,,Cannot band with metal bands--request “air” bands for reporting wing-tagged birds.,233
1731,BABI,Black X Atlantic Brant Intergrade,"7A, 7, 7B",,,,18
6360,BAWW,Black-and-white Warbler,"0, 0A, 1C, 1",Mniotilta varia,,,932
6951,BWAG,Black-backed Wagtail,"1, 1C",Motacilla alba lugens,,,905
4000,BBWO,Black-backed Woodpecker,2,Picoides arcticus,,,610
2700,BBPL,Black-bellied Plover,"3, 3B, 3A",Pluvialis squatarola,,,299
1770,BBWD,Black-bellied Whistling-Duck,"7A, 7",Dendrocygna autumnalis,,,1
3880,BBCU,Black-billed Cuckoo,"2, 3",Coccyzus erythropthalmus,,,497
4750,BBMA,Black-billed Magpie,"4, 3A, 3B",Pica hudsonia,,,747
822,BBAL,Black-browed Albatross,8,Thalassarche melanophris,,,120
7350,BCCH,Black-capped Chickadee,"0, 0A, 1C, 1",Poecile atricapillus,,,777
7531,BCGN,Black-capped Gnatcatcher,0A,Polioptila nigriceps,,,816
980,BCPE,Black-capped Petrel,3A,Pterodroma hasitata,,,147
6300,BCVI,Black-capped Vireo,"0, 1C, 0A, 1",Vireo atricapilla,,,717
4290,BCHU,Black-chinned Hummingbird,X,Archilochus alexandri,,"Appropriate diameter to be determined based on species, gender, and geographic considerations.",558
5650,BCSP,Black-chinned Sparrow,"0, 1C, 1",Spizella atrogularis,,,1039
5042,BCOR,Black-cowled Oriole,"1A, 1D, 2",Icterus prosthemelas,,,1132
7320,BCTI,Black-crested Titmouse,1B,Baeolophus atricristatus,,,791
2020,BCNH,Black-crowned Night-Heron,"7A, 7",Nycticorax nycticorax,,,225
6030,BFGR,Black-faced Grassquit,"0, 0A, 1C, 1",Melanospiza bicolor,,,1011
810,BFAL,Black-footed Albatross,7B,Phoebastria nigripes,,,129
5960,BHGR,Black-headed Grosbeak,"1A, 1D, 2",Pheucticus melanocephalus,,,1099
551,BHGU,Black-headed Gull,5,Chroicocephalus ridibundus,,,407
400,BLKI,Black-legged Kittiwake,"4A, 5, 4",Rissa tridactyla,,,402
731,BNTE,Black-naped Tern,2,Sterna sumatrana,,,451
2260,BNST,Black-necked Stilt,"3A, 4, 4A",Himantopus mexicanus,,Band above the intertarsal joint only.,293
8080,BRWX,Black-rumped Waxbill,"0, 1C, 1",Estrilda troglodytes,,,1205
7520,BTGN,Black-tailed Gnatcatcher,0A,Polioptila melanura,,,815
2520,BLAG,Black-tailed Godwit,4,Limosa limosa,,,332
6540,BTBW,Black-throated Blue Warbler,"0, 0A",Setophaga caerulescens,,,964
6650,BTYW,Black-throated Gray Warbler,"0A, 0",Setophaga nigrescens,,,980
6670,BTNW,Black-throated Green Warbler,"0A, 0",Setophaga virens,,,985
5730,BTSP,Black-throated Sparrow,"0, 1C, 1",Amphispiza bilineata,,,1043
5041,BVOR,Black-vented Oriole,2,Icterus wagleri,,,1131
930,BVSH,Black-vented Shearwater,4,Puffinus opisthomelas,,,172
6230,BWVI,Black-whiskered Vireo,"1, 1C",Vireo altiloquus,,,729
992,BWPE,Black-winged Petrel,2,Pterodroma nigripennis,,,153
2262,BWST,Black-winged Stilt,4,Himantopus himantopus,,,291
6620,BLBW,Blackburnian Warbler,"0, 0A",Setophaga fusca,,,960
6610,BLPW,Blackpoll Warbler,"0, 1C, 0A, 1",Setophaga striata,,,963
5971,BLBU,Blue Bunting,"1, 1C",Cyanocompsa parellina,,,1100
1691,BLGO,Blue Goose,7B,Anser caerulescens,,,11
1698,BGSG,Blue Greater Snow Goose,7B,,,,13
5970,BLGR,Blue Grosbeak,"1B, 1A",Passerina caerulea,,,1101
4770,BLJA,Blue Jay,"2, 3, 2A",Cyanocitta cristata,,,739
7121,BLMO,Blue Mockingbird,2,Melanotis caerulescens,,,891
8527,BLPE,Blue Petrel,3,Halobaena caerulea,,,139
9184,BBGR,Blue-black Grassquit,"0, 0A",Volatinia jacarina,,,1004
3815,BCLO,Blue-crowned Lorikeet,"2, 3",Vini australis,,"No butt-end bands, special parrot bands only.",629
8541,BECO,Blue-eyed Cormorant,"8, 7D",Leucocarbo atriceps,,,208
1141,BFBO,Blue-footed Booby,"7B, 7, 7A",Sula nebouxii,,,197
7510,BGGN,Blue-gray Gnatcatcher,0A,Polioptila caerulea,,,812
792,BGNO,Blue-gray Noddy,"2, 1D, 2A",Anous ceruleus,,,435
6290,BHVI,Blue-headed Vireo,"1C, 1, 0",Vireo solitarius,,AOU split from 6299-SOVI in 1998.,722
4270,BTMG,Blue-throated Mountain-gem,X,Lampornis clemenciae,,"Appropriate diameter to be determined based on species, gender, and geographic considerations.",554
1400,BWTE,Blue-winged Teal,"5, 4A",Spatula discors,,,54
6410,BWWA,Blue-winged Warbler,"0A, 0",Vermivora cyanoptera,,,928
7640,BLUE,Bluethroat,"1, 1C",Cyanecula svecica,,,843
5130,BTGR,Boat-tailed Grackle,"M: 4, 3A
F: 3, 3B",Quiscalus major,,,1121
4940,BOBO,Bobolink,"M: 1A, 1B
F: 1B, 1A",Dolichonyx oryzivorus,"Alberta
British Columbia
Manitoba
New Brunswick
Newfoundland and Labrador
Nova Scotia
Ontario
Prince Edward Island
Québec
Saskatchewan",,1108
6180,BOWA,Bohemian Waxwing,1A,Bombycilla garrulus,,,911
600,BOGU,Bonaparte's Gull,"3, 3B",Chroicocephalus philadelphia,,,406
991,BOPE,Bonin Petrel,"3, 3B, 2A",Pterodroma hypoleuca,,,152
7400,BOCH,Boreal Chickadee,"0, 0A, 1C, 1",Poecile hudsonicus,,,781
3710,BOOW,Boreal Owl,"5, 6",Aegolius funereus,,Lock-on bands recommended.,526
5760,BOSP,Botteri's Sparrow,"1, 1C",Peucaea botterii,,,1030
5141,BRAM,Brambling,"1B, 1, 1C",Fringilla montifringilla,,,1146
1220,BRAC,Brandt's Cormorant,8,Urile penicillatus,,,201
5100,BRBL,Brewer's Blackbird,"2, 1D",Euphagus cyanocephalus,,,1119
5620,BRSP,Brewer's Sparrow,"0, 1C, 0A, 1",Spizella breweri,,,1036
6412,BRWA,Brewster's Warbler,"0A, 0",,,,929
3222,BRQD,Bridled Quail-Dove,"3A, 4",Geotrygon mystacea,,,487
760,BRTE,Bridled Tern,"2A, 3, 2",Onychoprion anaethetus,,,439
7340,BRTI,Bridled Titmouse,"1, 1C",Baeolophus wollweberi,,,786
8700,BRWE,Bridled White-eye,"0A, 0",Zosterops conspicillatus,,,837
2680,BTCU,Bristle-thighed Curlew,"4A, 5",Numenius tahitiensis,,,330
4410,BBLH,Broad-billed Hummingbird,X,Cynanthus latirostris,,"Appropriate diameter to be determined based on species, gender, and geographic considerations.",570
8528,BBPR,Broad-billed Prion,3,Pachyptila vittata,,,140
4320,BTHU,Broad-tailed Hummingbird,X,Selasphorus platycercus,,"Appropriate diameter to be determined based on species, gender, and geographic considerations.",562
3430,BWHA,Broad-winged Hawk,"5, 6",Buteo platypterus,,Lock-on bands recommended.,253
8101,BRMA,Bronze Mannikin,0A,Spermestes cucullata,,,1208
4960,BROC,Bronzed Cowbird,"M: 2, 1D
F: 1A, 1D",Molothrus aeneus,,,1125
1150,BRBO,Brown Booby,"7B, 7",Sula leucogaster,,,198
7260,BRCR,Brown Creeper,"0A, 0",Certhia americana,,,798
4832,BRJA,Brown Jay,"4A, 4, 3A",Psilorhinus morio,,,735
790,BRNO,Brown Noddy,3,Anous stolidus,,,433
1260,BRPE,Brown Pelican,"8A, 9, 8",Pelecanus occidentalis,,,211
6211,BRSH,Brown Shrike,"1B, 1A",Lanius cristatus,,,707
8554,BRSK,Brown Skua,"7B, 7A",Stercorarius antarcticus,,,373
7050,BRTH,Brown Thrasher,"2, 3",Toxostoma rufum,,,881
9116,BRTR,Brown Trembler,"2, 1D",Cinclocerthia ruficauda,,,879
5260,BCRF,Brown-capped Rosy-Finch,"1B, 1A, 1",Leucosticte australis,,,1151
4530,BCFL,Brown-crested Flycatcher,1A,Myiarchus tyrannulus,,,686
4950,BHCO,Brown-headed Cowbird,"M: 1A, 1D, 2, 1B
F: 1B, 1A, 1D",Molothrus ater,,,1126
7290,BHNU,Brown-headed Nuthatch,"0, 1C",Sitta pusilla,,,797
3814,BTPA,Brown-throated Parakeet,"3, 2",Eupsittula pertinax,,"No butt-end bands, special parrot bands only.",634
2161,BBRA,Buff-banded Rail,4,Gallirallus philippensis,,,270
4390,BUFH,Buff-bellied Hummingbird,X,Amazilia yucatanensis,,"Appropriate diameter to be determined based on species, gender, and geographic considerations.",574
4700,BBFL,Buff-breasted Flycatcher,"0A, 0",Empidonax fulvifrons,,,675
2620,BBSA,Buff-breasted Sandpiper,1A,Calidris subruficollis,,,356
4161,BCNI,Buff-collared Nightjar,2,Antrostomus ridgwayi,,,534
1530,BUFF,Bufflehead,"5, 5A",Bucephala albeola,,,80
8521,BUAL,Buller's Albatross,8,Thalassarche bulleri,,,123
962,BULS,Buller's Shearwater,4,Ardenna bulleri,,,165
5080,BUOR,Bullock's Oriole,"1A, 1B, 1D",Icterus bullockii,,,1137
1010,BUPE,Bulwer's Petrel,"2, 2A, 3",Bulweria bulwerii,,,157
4350,BUHU,Bumblebee Hummingbird,X,Selasphorus heloisa,,"Appropriate diameter to be determined based on species, gender, and geographic considerations.",561
3780,BUOW,Burrowing Owl,4,Athene cunicularia,"Alberta
British Columbia
Manitoba
Saskatchewan",Lock-on bands recommended.,516
7430,BUSH,Bushtit,"0A, 0",Psaltriparus minimus,,,793
7130,CACW,Cactus Wren,"1B, 1A",Campylorhynchus brunneicapillus,,,810
2164,CBRA,California Black Rail,"1D, 1A, 2",Laterallus jamaicensis coturniculus,,,269
3240,CALC,California Condor,8V,Gymnogyps californianus,Y,Cannot band with metal bands--request “air” bands for reporting wing-tagged birds.,235
7530,CAGN,California Gnatcatcher,0A,Polioptila californica,Y,,813
530,CAGU,California Gull,"5, 5A",Larus californicus,,,421
743,CLTE,California Least Tern,"1A, 1B",Sternula antillarum browni,Y,,444
2111,CRRA,California Ridgway's Rail,5,Rallus obsoletus obsoletus,Y,,272
4813,CASJ,California Scrub-Jay,"3, 2, 2A",Aphelocoma californica,,,741
3691,CSOW,California Spotted Owl,"7B, 7A",Strix occidentalis occidentalis,,Lock-on bands recommended.,519
7100,CATH,California Thrasher,3,Toxostoma redivivum,,,884
5911,CALT,California Towhee,"2, 1A, 1D",Melozone crissalis,,,1027
4360,CAHU,Calliope Hummingbird,X,Selasphorus calliope,,"Appropriate diameter to be determined based on species, gender, and geographic considerations.",568
1720,CAGO,Canada Goose,"8, 8A",Branta canadensis,,,28
4840,CAJA,Canada Jay,"3, 2, 2A",Perisoreus canadensis,,,734
6860,CAWA,Canada Warbler,"0, 0A",Cardellina canadensis,"Alberta
British Columbia
Manitoba
New Brunswick
Nova Scotia
Ontario
Prince Edward Island
Québec
Saskatchewan
Yukon Territory
Northwest Territories",,989
1470,CANV,Canvasback,7A,Aythya valisineria,,,64
5910,CANT,Canyon Towhee,"1A, 1D, 2",Melozone fusca,,,1026
7170,CANW,Canyon Wren,"1, 1C",Catherpes mexicanus,,,800
6500,CMWA,Cape May Warbler,"0, 0A, 1C, 1",Setophaga tigrina,,,954
1020,CAPE,Cape Petrel,"4, 4A",Daption capense,,,137
5511,CSSS,Cape Sable Seaside Sparrow,1B,Ammodramus maritimus mirabilis,Y,,1063
8660,CAHO,Cardinal Honeyeater,"1, 1C, 0",Myzomela cardinalis,,,704
2211,CARC,Caribbean Coot,6,Fulica caribaea,,,287
3181,CADO,Caribbean Dove,3A,Leptotila jamaicensis,,,489
4721,CAEL,Caribbean Elaenia,"1, 1C, 0, 1B",Elaenia martinica,,,650
6113,CAMA,Caribbean Martin,1A,Progne dominicensis,,,766
7360,CACH,Carolina Chickadee,"0, 0A, 1C",Poecile carolinensis,,,776
7180,CARW,Carolina Wren,"1B, 1",Thryothorus ludovicianus,,,808
640,CATE,Caspian Tern,"5, 4A",Hydroprogne caspia,,,446
5211,CACR,Cassia Crossbill,"1A, 1D",Loxia sinesciuris,,,1182
160,CAAU,Cassin's Auklet,"3, 3B, 3A",Ptychoramphus aleuticus,,,393
5180,CAFI,Cassin's Finch,"1B, 1, 1C",Haemorhous cassinii,,,1180
4480,CAKI,Cassin's Kingbird,1A,Tyrannus vociferans,,,695
5780,CASP,Cassin's Sparrow,"1, 1C",Peucaea cassinii,,,1031
6292,CAVI,Cassin's Vireo,"1C, 1, 0",Vireo cassinii,,AOU split from 6299-SOVI in 1998.,721
2001,CAEG,Cattle Egret,6,Bubulcus ibis,,,223
6121,CASW,Cave Swallow,"1, 1C",Petrochelidon fulva,,,774
671,CAYT,Cayenne Tern,3B,Thalasseus acuflavidus eurygnathus,,,461
6190,CEDW,Cedar Waxwing,1B,Bombycilla cedrorum,,,912
6580,CERW,Cerulean Warbler,"0A, 0",Setophaga cerulea,"Ontario
Québec",,955
7410,CBCH,Chestnut-backed Chickadee,"0, 0A",Poecile rufescens,,,780
5380,CCLO,Chestnut-collared Longspur,"1, 1C",Calcarius ornatus,"Alberta
Manitoba
Saskatchewan",,918
6590,CSWA,Chestnut-sided Warbler,"0A, 0",Setophaga pensylvanica,,,962
5013,CHME,Chihuahuan Meadowlark,"M: 3
F: 2, 3",Sturnella lilianae,,"From Meadowlark Split, AOS 63rd Supplement (2022)",1116
4870,CHRA,Chihuahuan Raven,"5, 5A",Corvus cryptoleucus,,,757
4230,CHSW,Chimney Swift,"1B, 1",Chaetura pelagica,"Manitoba
New Brunswick
Nova Scotia
Ontario
Québec
Saskatchewan",,539
8505,CHPE,Chinstrap Penguin,9,Pygoscelis antarcticus,,,108
5600,CHSP,Chipping Sparrow,"0, 0A, 1C, 1",Spizella passerina,,,1034
963,CHSH,Christmas Shearwater,"4, 4A",Puffinus nativitatis,,,168
4160,CWWI,Chuck-will's-widow,3,Antrostomus carolinensis,,,533
1410,CITE,Cinnamon Teal,"5, 4A",Spatula cyanoptera,,,55
6024,CRSE,Cinnamon-rumped Seedeater,"0, 0A",Sporophila torqueola,,"From split of White-collared Seedeater, AOS 59th Supplement (2019)",1007
2110,CLRA,Clapper Rail,"5, 4A",Rallus crepitans,,,275
11,CLGR,Clark's Grebe,"7A, 7, 7B",Aechmophorus clarkii,,,102
4910,CLNU,Clark's Nutcracker,"3, 3B, 3A",Nucifraga columbiana,,,746
5610,CCSP,Clay-colored Sparrow,"0, 0A, 1C, 1",Spizella pallida,,,1035
7621,CCTH,Clay-colored Thrush,2,Turdus grayi,,,869
6120,CLSW,Cliff Swallow,"1, 1C",Petrochelidon pyrrhonota,,,773
6471,COLW,Colima Warbler,"0, 1, 1C",Leiothlypis crissalis,,,938
8630,COLK,Collared Kingfisher,"2, 3, 3B",Todiramphus chloris,,,582
3450,CBHA,Common Black Hawk,"7A, 6",Buteogallus anthracinus,,Lock-on bands recommended.,249
5331,COCA,Common Canary,"1, 1C",Serinus canaria,,,1195
5143,COCH,Common Chaffinch,"1B, 1, 1C",Fringilla coelebs,,,1145
1590,COEI,Common Eider,"M: 7B, 7, 7A
F: 7A, 7, 7B",Somateria mollissima,,,74
2190,COGA,Common Gallinule,"5A, 6, 5",Gallinula galeata,,,282
1510,COGO,Common Goldeneye,"6, 7A",Bucephala clangula,,,81
5110,COGR,Common Grackle,"M: 3, 3B
F: 3, 2A",Quiscalus quiscula,,,1120
2532,CGRE,Common Greenshank,"3, 3B, 3A",Tringa nebularia,,,322
3200,COGD,Common Ground Dove,"2, 1D",Columbina passerina,,,477
552,COGU,Common Gull,"4A, 4, 5",Larus canus,,"from Mew Gull Split, AOS 62nd Supplement (2021)",416
70,COLO,Common Loon,"8, 8A, 9",Gavia immer,,,93
1290,COME,Common Merganser,"7A, 7",Mergus merganser,,,84
300,COMU,Common Murre,"6M, 6",Uria aalge,,,379
4932,COMY,Common Myna,"3A, 3B, 3",Acridotheres tristis,,,899
4200,CONI,Common Nighthawk,"1D, 2, 1A",Chordeiles minor,"Alberta
British Columbia
Manitoba
New Brunswick
Newfoundland and Labrador
Nova Scotia
Ontario
Prince Edward Island
Québec
Saskatchewan
Yukon Territory
Northwest Territories
Nunavut",,529
4190,COPA,Common Pauraque,"2, 1D",Nyctidromus albicollis,,,531
1461,CPOC,Common Pochard,"6, 7A",Aythya ferina,,,66
4180,COPO,Common Poorwill,"1A, 1D, 2",Phalaenoptilus nuttallii,,,532
4860,CORA,Common Raven,"7A, 6, 7",Corvus corax,,,758
5280,CORE,Common Redpoll,"0, 0A",Acanthis flammea,,,1184
2750,CRPL,Common Ringed Plover,"1A, 1B",Charadrius hiaticula,,,308
5161,CORO,Common Rosefinch,"1B, 1, 1C",Carpodacus erythrinus,,,1177
2631,COSA,Common Sandpiper,"1B, 1A",Actitis hypoleucos,,,317
2290,COSN,Common Snipe,"3, 3B",Gallinago gallinago,,"This is the Eurasian species, not Wilson's Snipe.",362
700,COTE,Common Tern,"2A, 2",Sterna hirundo,,Hard metal bands recommended.,453
725,HCRT,Common Tern X Roseate Tern Hybrid,2,,,Sterna hirundo X S. dougallii.,452
8081,COMW,Common Waxbill,"0A, 0",Estrilda astrild,,,1206
6810,COYE,Common Yellowthroat,"0, 1C, 0A, 1",Geothlypis trichas,,,948
6780,CONW,Connecticut Warbler,"1, 0, 1C",Oporornis agilis,,,942
983,COPE,Cook's Petrel,3,Pterodroma cookii,,,154
3330,COHA,Cooper's Hawk,"M: 4, 4A, 5
F: 5, 6, 4A, 5A",Accipiter cooperii,,Lock-on bands recommended.,246
4640,COFL,Cordilleran Flycatcher,"0A, 0",,,AOU split from 4649-WEFL in 1989.,674
880,COSH,Cory's Shearwater,4,Calonectris diomedea,,,160
4300,COHU,Costa's Hummingbird,X,Calypte costae,,"Appropriate diameter to be determined based on species, gender, and geographic considerations.",560
4461,COKI,Couch's Kingbird,"1A, 1B",Tyrannus couchii,,,694
260,CRMU,Craveri's Murrelet,2,Synthliboramphus craveri,,,391
6381,CCWA,Crescent-chested Warbler,"0A, 0",Oreothlypis superciliosa,,,935
180,CRAU,Crested Auklet,4,Aethia cristatella,,,397
3620,CRCA,Crested Caracara,"7A, 7B",Caracara plancus,,Lock-on bands recommended.,620
4931,CRMY,Crested Myna,"3, 2",Acridotheres cristatellus,,,896
7120,CRTH,Crissal Thrasher,2,Toxostoma crissale,,,886
6031,CUGR,Cuban Grassquit,"0A, 0",Phonipara canora,,,1009
5043,CUOR,Cuban Oriole,"1A, 1D, 2",Icterus melanopsis,,,1128
4621,CUPE,Cuban Pewee,"0, 0A, 1",Contopus caribaeus,,,658
2440,CUSA,Curlew Sandpiper,1A,Calidris ferruginea,,,344
7070,CBTH,Curve-billed Thrasher,"3, 2, 2A",Toxostoma curvirostre,,,880
7720,DSFL,Dark-sided Flycatcher,0,Muscicapa sibirica,,,840
6040,DICK,Dickcissel,1B,Spiza americana,,,1107
1200,DCCO,Double-crested Cormorant,"8, 7B, 7D",Nannopterum auritum,,,203
8529,DOPR,Dove Prion,3,Pachyptila desolata,,,141
340,DOVE,Dovekie,"3, 2A",Alle alle,,,378
3940,DOWO,Downy Woodpecker,1B,Dryobates pubescens,,,604
2430,DUNL,Dunlin,"1A, 1B, 1D",Calidris alpina,,,349
1726,DCGO,Dusky Canada Goose,8,Branta canadensis ocidentalis,,,26
4690,DUFL,Dusky Flycatcher,"0A, 0",Empidonax oberholseri,,,671
5510,DSSP,Dusky Seaside Sparrow,1B,Ammodramus maritima nigrescens,,,1062
7614,DUTH,Dusky Thrush,2,Turdus eunomus,,,866
7474,DUWA,Dusky Warbler,0A,Phylloscopus fuscatus,,,824
4550,DCFL,Dusky-capped Flycatcher,"1B, 1, 1C",Myiarchus tuberculifer,,,682
3161,EADO,Eared Dove,3A,Zenaida auriculata,,,492
40,EAGR,Eared Grebe,"5, 5A",Podiceps nigricollis,,,99
3891,EAQU,Eared Quetzal,2,Euptilotis neoxenus,,,579
2163,EBRA,Eastern Black Rail,"1D, 1A, 2",Laterallus jamaicensis jamaicensis,Y,see: https://www.fws.gov/southeast/pdf/guidelines/banding-conditions-for-eastern-black-rail.pdf,268
7660,EABL,Eastern Bluebird,"1B, 1, 1A",Sialia sialis,,,847
4440,EAKI,Eastern Kingbird,1B,Tyrannus tyrannus,,,698
5010,EAME,Eastern Meadowlark,"M: 3
F: 2, 3",Sturnella magna,"New Brunswick
Nova Scotia
Ontario
Québec",,1113
4560,EAPH,Eastern Phoebe,"0, 1C, 1",Sayornis phoebe,,,678
3730,EASO,Eastern Screech-Owl,"5, 4A, 4",Megascops asio,,Lock-on bands recommended.,507
5870,EATO,Eastern Towhee,"M: 2, 1D, 1A
F: 1A, 1D, 2",Pipilo erythrophthalmus,,AOU split from 5876 in 1998.,1021
4170,EWPW,Eastern Whip-poor-will,"1D, 2, 1A",Antrostomus vociferus,"Manitoba
New Brunswick
Nova Scotia
Ontario
Québec
Saskatchewan",,535
5541,EWCS,Eastern White-crowned Sparrow,1B,Zonotrichia leucophrys leucophrys,,,1072
4610,EAWP,Eastern Wood-Pewee,"0A, 0, 1C, 1",Contopus virens,,,657
6960,EYWA,Eastern Yellow Wagtail,"1, 1C",Motacilla tschutschensis,,,902
5012,EWME,Eastern/Western Meadowlark,"M: 3
F: 2, 3",,,,1115
660,ELTE,Elegant Tern,3,Thalasseus elegans,,,462
3890,ELTR,Elegant Trogon,"3, 2, 1D",Trogon elegans,,,578
3810,ELOW,Elf Owl,"2, 2A",Micrathene whitneyi,,,515
6581,EWWA,Elfin-woods Warbler,0,Setophaga angelae,,,949
1760,EMGO,Emperor Goose,7B,Anser canagicus,,,9
8502,EMPE,Emperor Penguin,9,Aptenodytes forsteri,,,105
5160,EUBU,Eurasian Bullfinch,"1B, 1A",Pyrrhula pyrrhula,,,1153
3159,ECDO,Eurasian Collared-Dove,"4A, 4",Streptopelia decaocto,,Require 4 or 4A short.,473
2691,EUDO,Eurasian Dotterel,"1B, 1A",Charadrius morinellus,,,313
3591,EUKE,Eurasian Kestrel,"3B, 4",Falco tinnunculus,,,622
4730,EUSK,Eurasian Skylark,1B,Alauda arvensis,,,762
6883,ETSP,Eurasian Tree Sparrow,"1, 1B, 1C",Passer montanus,,,1199
1360,EUWI,Eurasian Wigeon,6,Mareca penelope,,,40
2270,EUWO,Eurasian Woodcock,3,Scolopax rusticola,,,366
2710,EUGP,European Golden-Plover,"2, 3",Pluvialis apricaria,,,300
5261,EUGO,European Goldfinch,0,Carduelis carduelis,,,1192
1380,EGWT,European Green-winged Teal,"4, 4A",Anas crecca crecca,,,61
4930,EUST,European Starling,"2, 3, 2A",Sturnus vulgaris,,,895
5140,EVGR,Evening Grosbeak,"1A, 2, 1D",Coccothraustes vespertinus,,,1196
7613,EYTH,Eyebrowed Thrush,2,Turdus obscurus,,,865
8512,FAPE,Fairy Penguin,9,Eudyptula minor,,,113
8531,FAPR,Fairy Prion,3,Pachyptila turtur,,,143
1371,FADU,Falcated Duck,4A,Mareca falcata,,,39
6881,FTWA,Fan-tailed Warbler,1,Basileuterus lachrymosus,,,986
3480,FEHA,Ferruginous Hawk,"7D, 8, 7B, 7A",Buteo regalis,"Alberta
Manitoba
Saskatchewan",Lock-on bands recommended.,263
3800,FEPO,Ferruginous Pygmy-Owl,"3B, 3A, 3",Glaucidium brasilianum,Y,,514
5630,FISP,Field Sparrow,"0, 0A, 1C, 1",Spizella pusilla,,,1037
7612,FIEL,Fieldfare,2,Turdus pilaris,,,867
8691,FISH,Fiji Shrikebill,"1A, 1B",Clytorhynchus vitiensis,,,732
4900,FICR,Fish Crow,"4A, 4",Corvus ossifragus,,,755
5742,FSSP,Five-striped Sparrow,1B,Amphispizopsis quinquestriata,,,1042
6071,FCTA,Flame-colored Tanager,"1A, 1B",Piranga bidentata,,,1094
3740,FLOW,Flammulated Owl,"3, 3B, 2",Psiloscops flammeolus,,,505
951,FFSH,Flesh-footed Shearwater,4,Ardenna carneipes,,,162
4123,FLIN,Flicker Intergrade,"3, 3B",Colaptes auratus,,To be used for Northern Flickers that appear to be intergrades between two subspecies.,612
5464,FGSP,Florida Grasshopper Sparrow,"1, 1C, 0",Ammodramus savannarum floridanus,Y,,1054
4790,FLSJ,Florida Scrub-Jay,"3, 2, 2A",Aphelocoma coerulescens,Y,,740
4420,FTFL,Fork-tailed Flycatcher,"1A, 1B, 1",Tyrannus savana,,,702
1050,FTSP,Fork-tailed Storm-Petrel,"1B, 1A",Hydrobates furcatus,,,180
690,FOTE,Forster's Tern,3,Sterna forsteri,,,457
5850,FOSP,Fox Sparrow,"1A, 1B",Passerella iliaca,,,1064
590,FRGU,Franklin's Gull,4,Leucophaeus pipixcan,,,412
1780,FUWD,Fulvous Whistling-Duck,"7A, 7",Dendrocygna bicolor,,,3
1350,GADW,Gadwall,6,Mareca strepera,,,38
8517,GALP,Galapagos Penguin,9,Spheniscus mendiculus,,,117
5550,GWCS,Gambel's White-crowned Sparrow,1B,Zonotrichia leucophrys gambelii,,,1075
1392,GARG,Garganey,"4A, 4",Spatula querquedula,,,59
8503,GEPE,Gentoo Penguin,9,Pygoscelis papua,,,106
4110,GIWO,Gila Woodpecker,"2, 3, 2A",Melanerpes uropygialis,,,592
4140,GIFL,Gilded Flicker,3,Colaptes chrysoides,,,615
420,GLGU,Glaucous Gull,7A,Larus hyperboreus,,"Size 6 for northern subspecies, barrovanius.",428
440,GWGU,Glaucous-winged Gull,"7A, 7, 7B",Larus glaucescens,,,427
1860,GLIB,Glossy Ibis,6,Plegadis falcinellus,,,229
3490,GOEA,Golden Eagle,"9, 9A, 9C",Aquila chrysaetos,,Rivet bands only.,265
8710,GOWE,Golden White-eye,"1B, 1",Cleptornis marchei,,,835
6660,GCWA,Golden-cheeked Warbler,0A,Setophaga chrysoparia,Y,,984
7480,GCKI,Golden-crowned Kinglet,0A,Regulus satrapa,,,820
5570,GCSP,Golden-crowned Sparrow,"1B, 1A",Zonotrichia atricapilla,,,1077
6920,GOLW,Golden-crowned Warbler,"0A, 0",Basileuterus culicivorus,,,988
4100,GFWO,Golden-fronted Woodpecker,2,Melanerpes aurifrons,,,593
6420,GWWA,Golden-winged Warbler,"0A, 0",Vermivora chrysoptera,"Manitoba
Ontario
Québec",,927
6416,GBWH,Golden-winged x Blue-winged Warbler Hybrid,"0A, 0",,,Vermivora chrysoptera X V. cyanoptera. Use for hybrids that do not fit Lawrences or Brewsters.,931
6640,GRWA,Grace's Warbler,"0A, 0",Setophaga graciae,,,979
5460,GRSP,Grasshopper Sparrow,"1, 1C, 0",Ammodramus savannarum,,Includes all subspecies except A. s. floridanus.,1053
5353,GRBU,Gray Bunting,1B,Emberiza variabilis,,,1087
7040,GRCA,Gray Catbird,1A,Dumetella carolinensis,,,877
4691,GRFL,Gray Flycatcher,"0A, 0",Empidonax wrightii,,,670
3460,GRHA,Gray Hawk,"6, 7A",Buteo plagiatus,,Lock-on bands recommended.,255
4450,GRAK,Gray Kingbird,"1A, 1D, 1B",Tyrannus dominicensis,,,699
6340,GRVI,Gray Vireo,"1, 1C",Vireo vicinior,,,718
6961,GRAW,Gray Wagtail,"1, 1C",Motacilla cinerea,,,903
8538,GBSP,Gray-backed Storm-Petrel,"1B, 1A",Garrodia nereis,,,177
761,GRAT,Gray-backed Tern,"2, 2A",Onychoprion lunatus,,,438
6112,GBMA,Gray-breasted Martin,1A,Progne chalybea,,,767
7570,GCTH,Gray-cheeked Thrush,1B,Catharus minimus,,,859
5240,GCRF,Gray-crowned Rosy-Finch,"1B, 1A, 1",Leucosticte tephrocotis,,,1149
6821,GCYE,Gray-crowned Yellowthroat,"1, 1C, 1B",Geothlypis poliocephala,,,943
8522,GHAL,Gray-headed Albatross,8,Thalassarche chrysostoma,,,122
7390,GHCH,Gray-headed Chickadee,"1C, 0, 1",Poecile cinctus,,,782
5690,GHJU,Gray-headed Junco,"1, 0, 1C",Junco hyemalis caniceps,,,1083
7730,GSFL,Gray-streaked Flycatcher,"0, 1C, 1",Muscicapa griseisticta,,,839
2591,GTTA,Gray-tailed Tattler,"3, 2, 2A",Tringa brevipes,,,320
470,GBBG,Great Black-backed Gull,"7B, 7, 7A",Larus marinus,,,429
1940,GBHE,Great Blue Heron,"7B, 8",Ardea herodias,,,216
1190,GRCO,Great Cormorant,8,Phalacrocorax carbo,,,204
4520,GCFL,Great Crested Flycatcher,"1A, 1B",Myiarchus crinitus,,,685
652,GCTE,Great Crested Tern,"3, 3B",Thalasseus bergii,,,459
1960,GREG,Great Egret,"7B, 7A, 7",Ardea alba,,,217
1281,GRFR,Great Frigatebird,"7B, 7, 7A",Fregata minor,,Require 7B or 7A short.,193
3700,GGOW,Great Gray Owl,8,Strix nebulosa,,Lock-on bands recommended.,523
3750,GHOW,Great Horned Owl,"8, 8A, 9, 7D",Bubo virginianus,,Lock-on bands recommended.,510
4490,GKIS,Great Kiskadee,"2, 1D",Pitangus sulphuratus,,,691
890,GRSH,Great Shearwater,"6, 5, 5R",Ardenna gravis,,,163
350,GRSK,Great Skua,"7A, 7B",Stercorarius skua,,,371
1920,GWHE,Great White Heron,8,Ardea herodias occidentalis,,,215
5120,GTGR,Great-tailed Grackle,"M: 4, 3A
F: 3, 3B",Quiscalus mexicanus,,,1122
9178,GABU,Greater Antillean Bullfinch,"1B, 1",Melopyrrha violacea,,,1014
9101,GAEL,Greater Antillean Elaenia,"0A, 0",Elaenia fallax,,,653
5131,GAGR,Greater Antillean Grackle,"3, 2",Quiscalus niger,,,1123
7423,GNLA,Greater Necklaced Laughingthrush,2,Garrulax pectoralis,,,829
4600,GRPE,Greater Pewee,"1B, 1",Contopus pertinax,,,655
3850,GRRO,Greater Roadrunner,5,Geococcyx californianus,,,500
1480,GRSC,Greater Scaup,"6, 5A, 5",Aythya marila,,,69
1699,GSGO,Greater Snow Goose,7B,Anser caerulescens atlantica,,,14
1710,GWFG,Greater White-fronted Goose,"7B, 8",Anser albifrons,,,6
2540,GRYE,Greater Yellowlegs,"3, 3B",Tringa melanoleuca,,,323
2010,GRHE,Green Heron,"5, 5A, 6",Butorides virescens,,,224
4830,GRJA,Green Jay,"2, 2A, 3",Cyanocorax yncas,,,736
3910,GKIN,Green Kingfisher,"1D, 1A, 2",Chloroceryle americana,,Size 2 needs to be filed to a shorter height; 1D may be best fit.,587
4362,GRMA,Green Mango,X,Anthracothorax viridis,,"Appropriate diameter to be determined based on species, gender, and geographic considerations.",549
3816,GREP,Green Parakeet,"3B, 3, 3A",Psittacara holochlorus,,"No butt-end bands, special parrot bands only.",632
4366,GREM,Green-breasted Mango,X,Anthracothorax prevostii,,"Appropriate diameter to be determined based on species, gender, and geographic considerations.",547
5900,GTTO,Green-tailed Towhee,"1A, 1B, 1D",Pipilo chlorurus,,,1019
4363,GTCA,Green-throated Carib,X,Eulampis holosericeus,,"Appropriate diameter to be determined based on species, gender, and geographic considerations.",551
1390,AGWT,Green-winged Teal,"4, 4A",Anas crecca,,,62
4711,GREL,Greenish Elaenia,"0A, 0",Myiopagis viridicata,,,649
3840,GBAN,Groove-billed Ani,"3A, 3B, 3",Crotophaga sulcirostris,,,502
252,GUMU,Guadalupe Murrelet,"2, 2A",Synthliboramphus hypoleucus,,Split from XAMU (0250) in August 2012.,390
8791,GMKI,Guam Micronesian Kingfisher,3,Todiramphus cinnamominus cinnamominus,Y,Endangered subspecies on Guam.,584
2162,GURA,Guam Rail,4,Gallirallus owstoni,Y,,271
8580,GUSW,Guam Swiftlet,"0A, X",Aerodramus bartschi,Y,,543
1201,GUCO,Guanay Cormorant,8,Leucocarbo bougainvillii,,,207
630,GBTE,Gull-billed Tern,"3B, 3A",Gelochelidon nilotica,,,445
3540,GYRF,Gyrfalcon,7B,Falco rusticolus,,Lock-on bands recommended.,626
3930,HAWO,Hairy Woodpecker,"1D, 2, 1A",Dryobates villosus,,,605
4680,HAFL,Hammond's Flycatcher,"0A, 0",Empidonax hammondii,,,669
3380,HRLH,Harlan's Hawk,"7B, 7A, 7D",Buteo jamaicensis harlani,,Lock-on bands recommended.,262
1550,HARD,Harlequin Duck,"5, 5A",Histrionicus histrionicus,,,75
3350,HRSH,Harris's Hawk,"7A, 7B, 6",Parabuteo unicinctus,,Lock-on bands recommended.,250
5530,HASP,Harris's Sparrow,1A,Zonotrichia querula,,,1070
7820,HAAM,Hawaii Amakihi,"1, 1B",Chlorodrepanis virens,,,1159
7910,HCRE,Hawaii Creeper,"1, 1C, 0",Loxops mana,Y,,1170
7700,HAEL,Hawaii Elepaio,"1, 0, 1C",Chasiempis sandwichensis,,,761
2201,HACO,Hawaiian Coot,"6, 5A, 5",Fulica alai,Y,,285
4892,HCRO,Hawaiian Crow,6,Corvus hawaiiensis,Y,,756
1321,HAWD,Hawaiian Duck,"6, 7A",Anas wyvilliana,Y,,51
2191,HAGA,Hawaiian Gallinule,"5, 6",Gallinula galeata sandvicensis,Y,,283
1751,HAGO,Hawaiian Goose,"8, 7B",Branta sandvicensis,Y,,29
3441,HWHA,Hawaiian Hawk,"6, 7A",Buteo solitarius,Y,Lock-on bands recommended.,260
985,HAPE,Hawaiian Petrel,"4, 3A",Pterodroma sandwichensis,Y,,151
2261,HAST,Hawaiian Stilt,"4, 4A",Himantopus mexicanus knudseni,Y,Band above the intertarsal joint only.,294
5142,HAWF,Hawfinch,"1A, 2, 1D",Coccothraustes coccothraustes,,,1197
570,HEEG,Heermann's Gull,4A,Larus heermanni,,,414
5470,HESP,Henslow's Sparrow,"0, 1C, 1",Centronyx henslowii,"Ontario
Québec",,1056
6090,HETA,Hepatic Tanager,1A,Piranga flava,,,1090
7590,HETH,Hermit Thrush,"1B, 1",Catharus guttatus,,,863
6690,HEWA,Hermit Warbler,"0A, 0",Setophaga occidentalis,,,983
510,HERG,Herring Gull,"6, 7A",Larus argentatus,,,422
4934,HIMY,Hill Myna,3,Gracula religiosa,,,900
5046,HIOR,Hispaniolan Oriole,"1A, 1D, 2",Icterus dominicensis,,,1129
3812,HPKT,Hispaniolan Parakeet,"3A, 3B",Psittacara chloropterus,,"No butt-end bands, special parrot bands only.",635
3827,HPRT,Hispaniolan Parrot,6,Amazona ventralis,,"No butt-end bands, special parrot bands only.",641
4624,HIPE,Hispaniolan Pewee,"0, 1C, 1",Contopus hispaniolensis,,,660
6103,HISP,Hispaniolan Spindalis,"1B, 1A",Spindalis dominicensis,,,1001
5270,HORE,Hoary Redpoll,"0, 0A",Acanthis hornemanni,,,1185
1310,HOME,Hooded Merganser,"5, 5A, 6",Lophodytes cucullatus,,,83
5050,HOOR,Hooded Oriole,"1A, 1B",Icterus cucullatus,,,1134
6840,HOWA,Hooded Warbler,"0, 0A, 1C, 1",Setophaga citrina,,,951
3271,HBKI,Hook-billed Kite,"6, 7A",Chondrohierax uncinatus,,Lock-on bands recommended.,237
30,HOGR,Horned Grebe,"6, 5, 5A",Podiceps auritus,Québec,Magdalen Islands population is endangered.,97
4740,HOLA,Horned Lark,1B,Eremophila alpestris,British Columbia,strigata subspecies endangered in BC.,763
140,HOPU,Horned Puffin,"5, 5A",Fratercula corniculata,,,400
5190,HOFI,House Finch,"1B, 1, 1C",Haemorhous mexicanus,,,1178
6882,HOSP,House Sparrow,"1B, 1",Passer domesticus,,,1198
7210,HOWR,House Wren,"0, 0A, 1C, 1",Troglodytes aedon,,,801
2510,HUGO,Hudsonian Godwit,3A,Limosa haemastica,,,333
8515,HUPE,Humboldt Penguin,9,Spheniscus humboldti,,,116
6320,HUVI,Hutton's Vireo,0,Vireo huttoni,,,724
7422,HWAM,Hwamei,"2, 3",Garrulax canorus,,,830
816,HYAL,Hybrid Albatross,"7B, 8, 7D",,,Report suspected parentage as a remark (e.g. Species1 x Species2).,124
7356,HYCH,Hybrid Chickadee,"0, 1C, 1",,,Report suspected parentage as a remark (e.g. Species1 x Species2).,783
446,HYGU,Hybrid Gull,"6, 7A, 7",,,,431
4408,HYHU,Hybrid Hummingbird,X,,,"Appropriate diameter to be determined based on species, gender, and geographic considerations. Explain in remarks what the parent species were.",566
1871,HYIB,Hybrid Ibis,"6, 7A",,,,231
9986,HYNO,Hybrid Nonpasserine,"1A, 3A, 4, 4A, 5, 6, 7, 7A, 7B",,,Report suspected parentage as a Remark (e.g. Species1 x Species2).,618
9996,HYPA,Hybrid Passerine,"0, 0A, 1, 1A, 1B, 1D, 3A, 3B",,,Report suspected parentage as a Remark (e.g. Species1 x Species2).,619
4023,HYSA,Hybrid Sapsucker,"1A, 1B",,,Report suspected parentage as a remark (e.g. Species1 x Species2).,600
8552,HYSK,Hybrid Skua,"7B, 7A",,,Report suspected parentage as a remark (e.g. Species1 x Species2).,374
706,HYTE,Hybrid Tern,"2, 2A",,,Report suspected parentage as a remark (e.g. Species1 x Species2).,463
5906,HYTO,Hybrid Towhee,"1A, 1B",,,Report suspected parentage as a remark (e.g. Species1 x Species2).,1023
6366,HYWA,Hybrid Warbler,"0, 0A, 1",,,Report suspected parentage as a remark (e.g. Species1 x Species2).,995
7676,HYBL,Hybrid Western/Mountain Bluebird,"1B, 1A",,,Report suspected parentage as a remark (e.g. Species1 x Species2).,850
430,ICGU,Iceland Gull,6,Larus glaucoides,,,424
7980,IIWI,Iiwi,1B,Drepanis coccinea,,,1173
3210,INDO,Inca Dove,"2, 3",Columbina inca,,,476
5980,INBU,Indigo Bunting,"1, 1C, 0",Passerina cyanea,,,1104
5986,ILBH,Indigo X Lazuli Bunting Hybrid,"1, 1C",,,Passerina cyanea X P. amoena.,1103
742,ILTE,Interior Least Tern,"1A, 1B",Sternula antillarum athalassos,,,443
5912,ICTO,Inyo California Towhee,"1D, 2, 1A",Melozone crissalis eremophilus,Y,,1024
5410,IPSP,Ipswich Sparrow,"1B, 1",Passerculus sandwichensis princeps,,,1050
4811,ISSJ,Island Scrub-Jay,"3, 3B",Aphelocoma insularis,,,742
390,IVGU,Ivory Gull,4,Pagophila eburnea,"Newfoundland and Labrador
Northwest Territories
Nunavut",,404
3920,IBWO,Ivory-billed Woodpecker,4,Campephilus principalis,Y,,617
9107,JACR,Jamaican Crow,6,Corvus jamaicensis,,,753
9102,JAEL,Jamaican Elaenia,"0A, 0",Myiopagis cotta,,,648
9153,JAEU,Jamaican Euphonia,"0, 0A",Euphonia jamaica,,,1147
4361,JAMA,Jamaican Mango,X,Anthracothorax mango,,"Appropriate diameter to be determined based on species, gender, and geographic considerations.",550
9169,JAOR,Jamaican Oriole,"2, 1D",Icterus leucopteryx,,,1139
4623,JAPE,Jamaican Pewee,"0, 1C, 1",Contopus pallidus,,,659
6105,JAMS,Jamaican Spindalis,"1B, 1A",Spindalis nigricephala,,,1003
9081,JATO,Jamaican Tody,0,Todus todus,,,580
9132,JAVI,Jamaican Vireo,0,Vireo modestus,,,713
7461,JABW,Japanese Bush-Warbler,"M: 1, 1C
F: 0, 1C, 0A",Horornis diphone,,,822
8130,JAVS,Java Sparrow,"1B, 1A",Padda oryzivora,,,1210
4933,JAMY,Javan Myna,"1A, 2, 1D",Acridotheres javanicus,,,897
987,JFPE,Juan Fernandez Petrel,3,Pterodroma externa,,,148
4935,JUMY,Jungle Myna,"3B, 3",Acridotheres fuscus,,,898
7331,JUTI,Juniper Titmouse,"1, 1C",Baeolophus ridgwayi,,AOU split from 7339-PLTI in 1998.,788
7930,KAKA,Kakawahie,"0, 1C, 1",Paroreomyza flammea,Y,,1168
7543,KAMA,Kamao,1A,Myadestes myadestinus,Y,,853
7830,KAAM,Kauai Amakihi,"1, 1C, 1B",Chlorodrepanis stejnegeri,,,1161
7702,KAEL,Kauai Elepaio,"1, 0",Chasiempis sclateri,,,759
6221,KAOO,Kauai Oo,2,Moho braccatus,Y,,913
8546,KEGU,Kelp Gull,"7A, 7, 7B",Larus dominicanus,,,430
6770,KEWA,Kentucky Warbler,"0, 1C, 1",Geothlypis formosa,,,946
8536,KEPE,Kerguelen Petrel,4,Aphrodroma brevirostris,,,144
8549,KETE,Kerguelen Tern,3,Sterna virgata,,,456
3220,KWQD,Key West Quail-Dove,"3A, 4",Geotrygon chrysia,,,486
2730,KILL,Killdeer,"2, 2A, 1D",Charadrius vociferus,,,311
1620,KIEI,King Eider,"7A, 6, 7, 7B",Somateria spectabilis,,,73
8501,KIPE,King Penguin,9,Aptenodytes patagonicus,,,104
2080,KIRA,King Rail,5,Rallus elegans,Ontario,,276
6700,KIWA,Kirtland's Warbler,"1C, 1",Setophaga kirtlandii,,,953
240,KIMU,Kittlitz's Murrelet,3,Brachyramphus brevirostris,,,387
4551,LSFL,La Sagra's Flycatcher,"1, 1B, 1C",Myiarchus sagrae,,,687
3960,LBWO,Ladder-backed Woodpecker,"1A, 1B",Dryobates scalaris,,,602
7475,LANW,Lanceolated Warbler,0A,Locustella lanceolata,,,838
5360,LALO,Lapland Longspur,"1, 1B",Calcarius lapponicus,,,917
1723,LCGO,Large Canada Goose,8,Branta canadensis maxima,,,23
5440,LBSP,Large-billed Sparrow,"1, 1C",Passerculus sandwichensis rostratus,,,1052
6050,LARB,Lark Bunting,1A,Calamospiza melanocorys,"Alberta
Manitoba
Saskatchewan",,1048
5520,LASP,Lark Sparrow,1B,Chondestes grammacus,,,1041
580,LAGU,Laughing Gull,"5, 4A, 4",Leucophaeus atricilla,,,411
8060,LAVW,Lavender Waxbill,0,Estrilda caerulescens,,,1203
5310,LAGO,Lawrence's Goldfinch,"0, 0A, 1C, 1",Spinus lawrencei,,,1190
6413,LAWA,Lawrence's Warbler,"0A, 0",,,,930
821,LAAL,Laysan Albatross,7B,Phoebastria immutabilis,,,128
1322,LADU,Laysan Duck,"5, 5A, 6",Anas laysanensis,Y,,52
7740,LAFI,Laysan Finch,"1A, 1B",Telespiza cantans,Y,,1154
5990,LAZB,Lazuli Bunting,"1, 1C, 0",Passerina amoena,,,1102
1060,LHSP,Leach's Storm-Petrel,"1B, 1A",Hydrobates leucorhous,,,181
200,LEAU,Least Auklet,"2, 3, 2A",Aethia pusilla,,,395
6334,LBVI,Least Bell's Vireo,"0, 0A",Vireo bellii pusillus,Y,,716
1910,LEBI,Least Bittern,4,Ixobrychus exilis,"Manitoba
New Brunswick
Nova Scotia
Ontario
Québec",,214
4670,LEFL,Least Flycatcher,"0A, 0",Empidonax minimus,,,668
50,LEGR,Least Grebe,4,Tachybaptus dominicus,,,95
2420,LESA,Least Sandpiper,"1, 1B, 1C",Calidris minutilla,,,354
1030,LTSP,Least Storm-Petrel,1B,Hydrobates microsoma,,,187
740,LETE,Least Tern,"1A, 1B",Sternula antillarum,,,442
5480,LCSP,LeConte's Sparrow,"1, 1C, 0",Ammospiza leconteii,,,1057
7110,LCTH,LeConte's Thrasher,2,Toxostoma lecontei,,,885
6022,LESB,Lesser Antillean Bullfinch,"1, 1B",Loxigilla noctis,,,1015
4554,LESF,Lesser Antillean Flycatcher,1B,Myiarchus oberi,,,690
4622,LAPE,Lesser Antillean Pewee,"0, 0A, 1C",Contopus latirostris,,,661
500,LBBG,Lesser Black-backed Gull,6,Larus fuscus,,,425
1282,LEFR,Lesser Frigatebird,"7A, 7",Fregata ariel,,Require 7A short.,194
2729,LEGP,Lesser Golden-Plover,"3, 2A, 2",,,"Includes Pluvialis dominica and P. fulva, prior to split in 1993.",303
5300,LEGO,Lesser Goldfinch,"0A, 0",Spinus psaltria,,,1189
4210,LENI,Lesser Nighthawk,"1D, 1A, 2",Chordeiles acutipennis,,,528
2790,LRSP,Lesser Sand-Plover,3,Charadrius mongolus,,,304
1490,LESC,Lesser Scaup,"6, 5A, 5",Aythya affinis,,,70
8544,LESH,Lesser Sheathbill,7A,Chionis minor,,,315
1690,LSGO,Lesser Snow Goose,7B,Anser caerulescens caerulescens,,,10
1713,LWFG,Lesser White-fronted Goose,7A,Anser erythropus,,,7
2550,LEYE,Lesser Yellowlegs,"2, 2A",Tringa flavipes,,,325
4080,LEWO,Lewis's Woodpecker,"3, 2",Melanerpes lewis,British Columbia,,588
2112,LFRR,Light-footed Ridgway's Rail,5,Rallus obsoletus levipes,Y,,273
8524,LMSA,Light-mantled Albatross,8,Phoebetria palpebrata,,,121
2070,LIMP,Limpkin,"7A, 6",Aramus guarauna,,,288
5830,LISP,Lincoln's Sparrow,"1, 0, 1C",Melospiza lincolnii,,,1066
2000,LBHE,Little Blue Heron,6,Egretta caerulea,,,220
5352,LIBU,Little Bunting,"1C, 1",Emberiza pusilla,,,1085
601,LIGU,Little Gull,3,Hydrocoloeus minutus,,,408
921,LISH,Little Shearwater,4,Puffinus assimilis,,,175
2411,LIST,Little Stint,"1, 1B, 1C",Calidris minuta,,,353
741,LITE,Little Tern,1A,Sternula albifrons,,,441
4452,LOKI,Loggerhead Kingbird,"1A, 1B",Tyrannus caudifasciatus,,,700
6220,LOSH,Loggerhead Shrike,"1D, 1A, 2",Lanius ludovicianus,"Alberta
Manitoba
Ontario
Québec
Saskatchewan",,708
2640,LBCU,Long-billed Curlew,"5, 4A, 5A",Numenius americanus,,Use size 6 if banding on tibiotarsus,331
2320,LBDO,Long-billed Dowitcher,"2, 2A",Limnodromus scolopaceus,,,361
231,LBMU,Long-billed Murrelet,"3B, 3",Brachyramphus perdix,,,384
7060,LBTH,Long-billed Thrasher,"2, 3",Toxostoma longirostre,,,882
3660,LEOW,Long-eared Owl,"6, 5",Asio otus,,Lock-on bands recommended.,524
8750,LTCU,Long-tailed Cuckoo,"3, 3B, 3A",Eudynamys taitensis,,,499
1540,LTDU,Long-tailed Duck,"6, 5A, 5",Clangula hyemalis,,,79
380,LTJA,Long-tailed Jaeger,"4, 4A",Stercorarius longicaudus,,,377
2423,LTST,Long-toed Stint,"1, 1B",Calidris subminuta,,,345
6760,LOWA,Louisiana Waterthrush,"1C, 1",Parkesia motacilla,"Ontario
Québec",,925
4370,LUHU,Lucifer Hummingbird,X,Calothorax lucifer,,"Appropriate diameter to be determined based on species, gender, and geographic considerations.",556
6430,LUWA,Lucy's Warbler,"0A, 0",Leiothlypis luciae,,,939
8510,MACP,Macaroni Penguin,9,Eudyptes chrysolophus,,,112
6800,MGWA,MacGillivray's Warbler,"1C, 1, 0, 0A",Geothlypis tolmiei,,,944
391,MAGU,Magellan Gull,5,Leucophaeus scoresbii,,,410
8516,MAGP,Magellanic Penguin,9,Spheniscus magellanicus,,,115
1280,MAFR,Magnificent Frigatebird,"7B, 7, 7A",Fregata magnificens,,Require 7B or 7A short.,192
6570,MAWA,Magnolia Warbler,"0A, 0",Setophaga magnolia,,,958
1320,MALL,Mallard,"7A, 7",Anas platyrhynchos,,,48
1327,MALX,Mallard Dominant X American Black Duck Hybrid,7A,,,Anas platyrhynchos X A. rubripes,47
1326,MBDH,Mallard X American Black Duck Hybrid,7A,,,Anas platyrhynchos X A. rubripes,46
1325,MBDX,Mallard X American Black Duck Intermediate,7A,,,Anas platyrhynchos X A. rubripes,45
1323,MHDH,Mallard X Hawaiian Duck Hybrid,"7A, 6",,,Anas platyrhynchos X A. wyvilliana,53
3860,MACU,Mangrove Cuckoo,"2, 3, 3B",Coccyzus minor,,,496
900,MASH,Manx Shearwater,"4A, 4",Puffinus puffinus,,,169
8760,MCFD,Many-colored Fruit Dove,"3A, 3B",Ptilinopus perousii,,,482
2490,MAGO,Marbled Godwit,4,Limosa fedoa,,,335
230,MAMU,Marbled Murrelet,"3, 3B",Brachyramphus marmoratus,Y,,386
2192,MCMO,Mariana Common Moorhen,"5, 6",Gallinula chloropus guami,Y,,284
8570,MARC,Mariana Crow,"4, 4A",Corvus kubaryi,Y,,749
3155,MAFD,Mariana Fruit Dove,"3A, 3B",Ptilinopus roseicapilla,,,484
8800,MGSW,Mariana Gray Swiftlet,0,Aerodramus vanikorensis bartschi,Y,,544
2562,MASA,Marsh Sandpiper,"3, 2, 1D",Tringa stagnatilis,,,326
7250,MAWR,Marsh Wren,"1C, 1, 0",Cistothorus palustris,,,807
1140,MABO,Masked Booby,"7B, 8",Sula dactylatra,,,195
1680,MADU,Masked Duck,5,Nomonyx dominicus,,,86
7920,MAAL,Maui Alauahio,"1C, 1",Paroreomyza montana,,,1169
7810,MAPA,Maui Parrotbill,"1B, 1A",Pseudonestor xanthophrys,Y,,1158
5350,MKBU,McKay's Bunting,"1B, 1A",Plectrophenax hyperboreus,,,922
3570,MERL,Merlin,"M: 3, 3B, 3A
F: 4, 3A, 3B",Falco columbarius,,Lock-on bands recommended.,624
7370,MECH,Mexican Chickadee,"0, 0A",Poecile sclateri,,,779
1331,MEDU,Mexican Duck,7A,Anas diazi,,,50
4820,MEJA,Mexican Jay,"3A, 3B",Aphelocoma wollweberi,,,745
3693,MSOW,Mexican Spotted Owl,"7B, 7A",Strix occidentalis lucida,Y,Lock-on bands recommended.,521
4271,MEVI,Mexican Violetear,X,Colibri thalassinus,,"Appropriate diameter to be determined based on species, gender, and geographic considerations.",546
4172,MWPW,Mexican Whip-poor-will,"1D, 1A, 2",Antrostomus arizonae,,,536
8790,MICK,Micronesian Kingfisher,3,Todiramphus cinnamominus,Y,Includes subspecies not T. c. cinnamominus.,583
8600,MIME,Micronesian Megapode,6,Megapodius laperouse,Y,,89
8680,MIMY,Micronesian Myzomela,"1, 1B",Myzomela rubratra,,,706
8720,MIST,Micronesian Starling,"3, 2",Aplonis opaca,,,892
7471,MIGW,Middendorff's Grasshopper-Warbler,0A,Locustella ochotensis,,,834
7462,MILL,Millerbird,0A,Acrocephalus familiaris,Y,,832
1722,MCGO,Minima Cackling Goose,"7A, 7, 7B",Branta hutchinsii minima,,,22
3290,MIKI,Mississippi Kite,5,Ictinia mississippiensis,,Lock-on bands recommended.,241
2061,MSCR,Mississippi Sandhill Crane,"8, 8A",Antigone canadensis pulla,Y,,290
3817,MIPA,Mitred Parakeet,"3A, 3B",Psittacara mitratus,,"No butt-end bands, special parrot bands only.",636
3824,MOPA,Monk Parakeet,4,Myiopsitta monachus,,"No butt-end bands, special parrot bands only.",630
6023,MOSE,Morelet's Seedeater,"0, 0A",Sporophila morelleti,,"From split of White-collared Seedeater, AOS 59th Supplement (2019)",1006
1340,MODU,Mottled Duck,7A,Anas fulvigula,,,49
990,MOPE,Mottled Petrel,3,Pterodroma inexpectata,,,146
7680,MOBL,Mountain Bluebird,"1B, 1A",Sialia currucoides,,,849
7380,MOCH,Mountain Chickadee,"0, 0A",Poecile gambeli,,,778
2810,MOPL,Mountain Plover,"2, 3",Charadrius montanus,"Alberta
Saskatchewan",,312
5546,MWCS,Mountain White-crowned Sparrow,1B,Zonotrichia leucophrys oriantha,,,1073
3160,MODO,Mourning Dove,"3A, 3B",Zenaida macroura,,,493
6790,MOWA,Mourning Warbler,"0, 0A, 1, 1C",Geothlypis philadelphia,,,945
1001,MUPE,Murphy's Petrel,"3, 3B, 3A",Pterodroma ultima,,,145
1441,MUDU,Muscovy Duck,"7B, 7A",Cairina moschata,,,36
1782,MUSW,Mute Swan,9C,Cygnus olor,,,31
6550,MYWA,Myrtle Warbler,"0, 1C, 0A, 1",Setophaga coronata coronata,,,970
3811,NAPA,Nanday Parakeet,"4, 3A",Aratinga nenday,,"No butt-end bands, special parrot bands only.",631
6450,NAWA,Nashville Warbler,"0A, 0",Leiothlypis ruficapilla,,,940
1142,NABO,Nazca Booby,"7B, 8",Sula granti,,Band size unknown; may be same as Masked Booby.,196
5491,NESP,Nelson's Sparrow,"1, 1B, 1C",Ammospiza nelsoni,,,1058
1210,NECO,Neotropic Cormorant,"7B, 7, 7A",Nannopterum brasilianum,,,202
932,NESH,Newell's Shearwater,"4, 4A",Puffinus newelli,Y,,170
8590,NIRW,Nightingale Reed Warbler,"1A, 1D",Acrocephalus luscinius,Y,,833
7750,NIFI,Nihoa Finch,"1B, 1",Telespiza ultima,Y,,1155
4720,NBTY,Northern Beardless-Tyrannulet,"0A, 0",Camptostoma imberbe,,,647
5930,NOCA,Northern Cardinal,"1A, 2, 1D",Cardinalis cardinalis,,,1095
860,NOFU,Northern Fulmar,"6, 5A",Fulmarus glacialis,,,134
1170,NOGA,Northern Gannet,8,Morus bassanus,,,200
8553,NGPE,Northern Giant-Petrel,8,Macronectes halli,,,126
3310,NOHA,Northern Harrier,"M: 4, 4A
F: 5, 5A, 6",Circus hudsonius,,Lock-on bands recommended.,243
3770,NHOW,Northern Hawk Owl,"7A, 7B",Surnia ulula,,Require 7A or 7B short.,512
2880,NOJA,Northern Jacana,3A,Jacana spinosa,,,316
2690,NOLA,Northern Lapwing,5,Vanellus vanellus,,,298
7030,NOMO,Northern Mockingbird,"2, 1D, 1A",Mimus polyglottos,,,890
6480,NOPA,Northern Parula,"0A, 0",Setophaga americana,,,956
1430,NOPI,Northern Pintail,6,Anas acuta,,,58
3790,NOPO,Northern Pygmy-Owl,"3, 3B, 3A, 4",Glaucidium gnoma,,,513
8041,NRBI,Northern Red Bishop,0A,Euplectes franciscanus,,,1201
6170,NRWS,Northern Rough-winged Swallow,"0, 1C, 1, 0A",Stelgidopteryx serripennis,,,771
3720,NSWO,Northern Saw-whet Owl,"4, 3A, 4A",Aegolius acadicus,British Columbia,Use 4 (or 4A if needed) short.,527
1420,NSHO,Northern Shoveler,"5, 6, 5A",Spatula clypeata,,,56
6210,NSHR,Northern Shrike,"2, 1D",Lanius borealis,,,710
3692,NSOW,Northern Spotted Owl,"7B, 7A",Strix occidentalis caurina,Y,Lock-on bands recommended.,520
6750,NOWA,Northern Waterthrush,"1, 0, 1C",Parkesia noveboracensis,,,926
7650,NOWH,Northern Wheatear,1B,Oenanthe oenanthe,,,846
4890,NOCR,Northwestern Crow,"4A, 4",Corvus brachyrhynchos caurinus,,,751
7880,NUKU,Nukupuu,"1C, 1",Hemignathus lucidus,Y,,1163
5560,NWCS,Nuttall's White-crowned Sparrow,1B,Zonotrichia leucophrys nuttalli,,,1076
3970,NUWO,Nuttall's Woodpecker,"1A, 1B",Dryobates nuttallii,,,603
4531,NUFL,Nutting's Flycatcher,1B,Myiarchus nuttingi,,,684
7870,OAAK,Oahu Akialoa,"1, 0",Akialoa ellisiana,Y,,1162
7940,OAAL,Oahu Alauahio,"1, 1C",Paroreomyza maculata,Y,,1167
7821,OAAM,Oahu Amakihi,"1, 1C, 1B",Chlorodrepanis flava,,,1160
7701,OAEL,Oahu Elepaio,1,Chasiempis ibidis,Y,,760
7330,OATI,Oak Titmouse,"1, 1C",Baeolophus inornatus,,AOU split from 7339-PLTI in 1998.,787
5860,OLSP,Olive Sparrow,"1B, 1, 1C",Arremonops rufivirgatus,,,1018
6510,OLWA,Olive Warbler,"0, 0A",Peucedramus taeniatus,,,916
6983,OBPI,Olive-backed Pipit,"1, 1C",Anthus hodgsoni,,,906
9138,OLIW,Olive-capped Warbler,0A,Setophaga pityophila,,,968
4590,OSFL,Olive-sided Flycatcher,"1B, 1, 1C",Contopus cooperi,"Alberta
British Columbia
Manitoba
New Brunswick
Newfoundland and Labrador
Nova Scotia
Ontario
Prince Edward Island
Québec
Saskatchewan
Yukon Territory
Northwest Territories",,654
7545,OLOM,Olomao,1A,Myadestes lanaiensis,Y,,854
7541,OMAO,Omao,"1A, 1D",Myadestes obscurus,,,855
7424,OBNT,Orange-billed Nightingale-Thrush,1B,Catharus aurantiirostris,,,857
8070,ORAW,Orange-cheeked Waxbill,"0A, 0",Estrilda melpoda,,,1204
6460,OCWA,Orange-crowned Warbler,"0, 0A",Leiothlypis celata,,,937
3813,OFPA,Orange-fronted Parakeet,"3A, 3B",Eupsittula canicularis,,"No butt-end bands, special parrot bands only.",633
3829,OWAM,Orange-winged Amazon,"4A, 4",Amazona amazonica,,"No butt-end bands, special parrot bands only.",644
9151,ORAN,Orangequit,"1C, 1",Euneornis campestris,,,1016
5060,OROR,Orchard Oriole,1B,Icterus spurius,,,1133
5671,ORJU,Oregon Junco,"0, 1C, 1",Junco hyemalis oreganus,,,1081
5262,ORGR,Oriental Greenfinch,"0, 1C, 1",Chloris sinica,,,1193
3640,OSPR,Osprey,"8, 7D",Pandion haliaetus,,Lock-on bands recommended.,236
1436,OHDU,Other Hybrid Duck,"7A, 6, 5A, 5",,,Bander must determine appropriate size for each bird. Report suspected parentage as a remark (e.g. Species1 x Species2).,88
1716,OHGO,Other Hybrid Goose,"8, 7B",,,Report suspected parentage as a remark (e.g. Species1 x Species2).,30
7760,OU,Ou,2,Psittirostra psittacea,Y,,1156
6740,OVEN,Ovenbird,"1, 1C, 0",Seiurus aurocapilla,,,923
1332,PBDU,Pacific Black Duck,"7A, 7, 6",Anas superciliosa,,,42
2721,PAGP,Pacific Golden-Plover,"3, 2A, 2",Pluvialis fulva,,AOU split from 2729-LEGP in 1993.,302
100,PALO,Pacific Loon,7B,Gavia pacifica,,,92
8770,PAPI,Pacific Pigeon,6,Ducula pacifica,,,485
1969,PRHE,Pacific Reef Heron,7A,Egretta sacra,,,218
7221,PAWR,Pacific Wren,"0A, 0",Troglodytes pacificus,,,803
4641,PSFL,Pacific-slope Flycatcher,"0A, 0",,,AOU split from 4649-WEFL in 1989.,672
7222,PWWR,Pacific/Winter Wren,"0A, 0",,,Troglodytes pacificus and T. hiemalis prior to split in 2010,805
6010,PABU,Painted Bunting,"1, 1C",Passerina ciris,,,1106
6880,PARE,Painted Redstart,"0A, 0",Myioborus pictus,,,992
7770,PALI,Palila,"1A, 1B",Loxioides bailleui,Y,,1157
5354,PALB,Pallas's Bunting,"1, 1C",Emberiza pallasi,,,1088
170,PAAU,Parakeet Auklet,4,Aethia psittacula,,,394
370,PAJA,Parasitic Jaeger,"3A, 4, 4A",Stercorarius parasiticus,,,376
7111,PETH,Pearly-eyed Thrasher,"3, 3B, 2",Margarops fuscatus,,,878
6981,PEPI,Pechora Pipit,"1, 1C",Anthus gustavi,,,907
2390,PESA,Pectoral Sandpiper,"1A, 1D, 2",Calidris melanotos,,,357
1230,PECO,Pelagic Cormorant,"7B, 7, 7D",Urile pelagicus,,,206
3560,PEFA,Peregrine Falcon,"M: 6, 7A
F: 7A, 7B",Falco peregrinus,,Lock-on bands recommended.,627
6200,PHAI,Phainopepla,1B,Phainopepla nitens,,,915
6260,PHVI,Philadelphia Vireo,"0, 0A",Vireo philadelphicus,,,726
3158,PHTD,Philippine Turtle-Dove,"4, 3A",Streptopelia bitorquata,,,471
988,PHPE,Phoenix Petrel,"4, 3A, 3B",Pterodroma alba,,,150
60,PBGR,Pied-billed Grebe,"5, 6, 5A",Podilymbus podiceps,,,96
290,PIGU,Pigeon Guillemot,"4, 4A",Cepphus columba,,,383
4050,PIWO,Pileated Woodpecker,"4, 3A",Dryocopus pileatus,,,616
2301,PTSN,Pin-tailed Snipe,3,Gallinago stenura,,,364
8131,PTWH,Pin-tailed Whydah,"1, 0, 1B",Vidua macroura,,,1213
5150,PIGR,Pine Grosbeak,"1A, 1D",Pinicola enucleator,,,1152
5330,PISI,Pine Siskin,"0, 0A",Spinus pinus,,,1187
6710,PIWA,Pine Warbler,"0, 0A",Setophaga pinus,,,969
1712,PFGO,Pink-footed Goose,7B,Anser brachyrhynchus,,,5
910,PFSH,Pink-footed Shearwater,"5, 4A",Ardenna creatopus,British Columbia,,161
4920,PIJA,Pinyon Jay,"3, 2, 2A",Gymnorhinus cyanocephalus,,,737
2770,PIPL,Piping Plover,"1A, 1B",Charadrius melodus,Y,,310
3121,PLPI,Plain Pigeon,5,Patagioenas inornata,Y,,468
7339,PLTI,Plain Titmouse,1,,,Unspecified Baeolophus inornatus or B. ridgwayi. Explain in Remarks why the unspecified code was chosen.,790
4261,PCST,Plain-capped Starthroat,X,Heliomaster constantii,,"Appropriate diameter to be determined based on species, gender, and geographic considerations.",553
6291,PLVI,Plumbeous Vireo,"1C, 1, 0",Vireo plumbeus,,AOU split from 6299-SOVI in 1998.,720
8650,POST,Polynesian Starling,"M: 2, 3
F: 1A, 1D, 2",Aplonis tabuensis,,,893
360,POJA,Pomarine Jaeger,5,Stercorarius pomarinus,,,375
8040,POUL,Poo-uli,1B,Melamprosops phaeosoma,Y,,1176
3550,PRFA,Prairie Falcon,"M: 6, 7A, 5
F: 7A, 7B, 6",Falco mexicanus,,Lock-on bands recommended.,628
6730,PRAW,Prairie Warbler,"0A, 0",Setophaga discolor,,,975
6370,PROW,Prothonotary Warbler,0,Protonotaria citrea,Ontario,,933
7542,PUAI,Puaiohi,1A,Myadestes palmeri,Y,,856
3432,PBWH,Puerto Rican Broad-winged Hawk,6,Buteo platypterus brunnescens,Y,Lock-on bands recommended.,254
6021,PUEB,Puerto Rican Bullfinch,"1A, 1B",Melopyrrha portoricensis,,,1013
4402,PREM,Puerto Rican Emerald,X,Chlorostilbon maugaeus,,"Appropriate diameter to be determined based on species, gender, and geographic considerations.",569
4552,PRFL,Puerto Rican Flycatcher,"1B, 1A, 1",Myiarchus antillarum,,,689
3851,PRLC,Puerto Rican Lizard-Cuckoo,"3B, 3, 3A",Coccyzus vieilloti,,,498
9067,PRMA,Puerto Rican Mango,X,Anthracothorax aurulentus,,,548
4171,PRNI,Puerto Rican Nightjar,"1D, 1A, 2",Antrostomus noctitherus,Y,,537
5045,PROR,Puerto Rican Oriole,"1A, 1D, 2",Icterus portoricensis,,,1130
3734,PURO,Puerto Rican Owl,"4, 4A",Gymnasio nudipes,,Lock-on bands recommended.,509
3828,PRPA,Puerto Rican Parrot,"4A, 4",Amazona vittata,Y,"No butt-end bands, special parrot bands only.",642
3122,PRPP,Puerto Rican Plain Pigeon,5,Patagioenas inornata wetmorei,Y,Endangered subspecies in Puerto Rico.,469
3321,PSSH,Puerto Rican Sharp-shinned Hawk,"M: 2, 3
F: 3, 3B",Accipiter striatus venator,Y,,245
6104,PRSP,Puerto Rican Spindalis,"1B, 1A",Spindalis portoricensis,,,1002
6102,PRTA,Puerto Rican Tanager,"1A, 1B",Nesospingus speculiferus,,,999
3912,PRTO,Puerto Rican Tody,"X, 0A, 0",Todus mexicanus,,,581
6331,PRVI,Puerto Rican Vireo,"0, 1, 1C",Vireo latimeri,,,714
4071,PRWO,Puerto Rican Woodpecker,"2, 1D, 2A",Melanerpes portoricensis,,,589
5547,PSWS,Puget Sound White-crowned Sparrow,1B,Zonotrichia leucophrys pugetensis,,,1074
5170,PUFI,Purple Finch,"1, 1C, 1B",Haemorhous purpureus,,,1179
2180,PUGA,Purple Gallinule,"4, 4A, 5",Porphyrio martinicus,,,281
6110,PUMA,Purple Martin,"1D, 1A, 2",Progne subis,,,765
2350,PUSA,Purple Sandpiper,"1A, 1D, 2",Calidris maritima,,,351
2181,PUSW,Purple Swamphen,6,Porphyrio porphyrio,,,280
8620,PCFD,Purple-capped Fruit Dove,"3A, 4",Ptilinopus porphyraceus,,,483
7300,PYNU,Pygmy Nuthatch,"0, 1C",Sitta pygmaea,,,796
5940,PYRR,Pyrrhuloxia,"1A, 1D",Cardinalis sinuatus,,,1096
320,RAZO,Razorbill,"5R, 6M",Alca torda,,,381
8090,REAV,Red Avadavat,"0A, 0",Amandava amandava,,,1207
5210,RECR,Red Crossbill,"1B, 1A",Loxia curvirostra,"Newfoundland and Labrador
Québec",,1181
2340,REKN,Red Knot,"2, 2A",Calidris canutus,"British Columbia
Yukon Territory
Northwest Territories",,338
2220,REPH,Red Phalarope,1A,Phalaropus fulicarius,,,370
5321,RESI,Red Siskin,0,Spinus cucullatus,,,1188
4090,RBWO,Red-bellied Woodpecker,2,Melanerpes carolinus,,,594
7421,RBLE,Red-billed Leiothrix,1B,Leiothrix lutea,,,831
3130,RBPI,Red-billed Pigeon,5,Patagioenas flavirostris,,,467
1130,RBTR,Red-billed Tropicbird,4A,Phaethon aethereus,,,189
1300,RBME,Red-breasted Merganser,"6, 7A",Mergus serrator,,,85
7280,RBNU,Red-breasted Nuthatch,"0, 1C, 1",Sitta canadensis,,,794
4030,RBSA,Red-breasted Sapsucker,"1A, 1B, 1D",Sphyrapicus ruber,,,599
8050,RCCO,Red-cheeked Cordonbleu,"1C, 1",Uraeginthus bengalus,,,1202
3950,RCWO,Red-cockaded Woodpecker,1A,Dryobates borealis,Y,,607
5922,RCCA,Red-crested Cardinal,"1A, 1D, 2",Paroaria coronata,,,997
3826,RCPA,Red-crowned Parrot,"4A, 4",Amazona viridigenalis,,"No butt-end bands, special parrot bands only.",643
6240,REVI,Red-eyed Vireo,"1C, 1, 0",Vireo olivaceus,,,727
1240,RFCO,Red-faced Cormorant,"8, 7B, 7D",Urile urile,,,205
6900,RFWA,Red-faced Warbler,"0A, 0",Cardellina rubrifrons,,,991
7642,RFBL,Red-flanked Bluetail,0,Tarsiger cyanurus,,,844
1160,RFBO,Red-footed Booby,"7A, 7, 7B",Sula sula,,,199
4060,RHWO,Red-headed Woodpecker,"2, 1D, 2A",Melanerpes erythrocephalus,"Manitoba
Ontario
Québec
Saskatchewan",,590
410,RLKI,Red-legged Kittiwake,"4A, 4, 3A",Rissa brevirostris,,,403
7623,RLTH,Red-legged Thrush,2,Turdus plumbeus,,,874
3825,RMPA,Red-masked Parakeet,4A,Psittacara erythrogenys,,"No butt-end bands, special parrot bands only.",638
4021,RNSA,Red-naped Sapsucker,"1A, 1B",Sphyrapicus nuchalis,,,598
20,RNGR,Red-necked Grebe,"7A, 7, 7B",Podiceps grisegena,,,98
2230,RNPH,Red-necked Phalarope,1B,Phalaropus lobatus,,,369
2422,RNST,Red-necked Stint,"1, 1B, 1C",Calidris ruficollis,,,347
4130,RSFL,Red-shafted Flicker,"3, 3B",Colaptes auratus cafer,,,613
3390,RSHA,Red-shouldered Hawk,"6, 5, 7A",Buteo lineatus,,Lock-on bands recommended.,252
3370,RTHA,Red-tailed Hawk,"7B, 7D, 7A",Buteo jamaicensis,,Lock-on bands recommended.,261
1131,RTTR,Red-tailed Tropicbird,"5, 4A, 5A",Phaethon rubricauda,,,190
110,RTLO,Red-throated Loon,7B,Gavia stellata,,,90
6990,RTPI,Red-throated Pipit,"1, 1C",Anthus cervinus,,,908
7262,RVBU,Red-vented Bulbul,"1A, 1D, 2",Pycnonotus cafer,,,818
7261,RWBU,Red-whiskered Bulbul,"1B, 1A",Pycnonotus jocosus,,,819
4980,RWBL,Red-winged Blackbird,"M: 2, 1D
F: 1A, 1D",Agelaius phoeniceus,,,1109
1980,REEG,Reddish Egret,7A,Egretta rufescens,,,222
1460,REDH,Redhead,"6, 7A",Aythya americana,,,65
7600,REDW,Redwing,"2, 1A, 1D",Turdus iliacus,,,868
5355,REBU,Reed Bunting,"1, 1C",Emberiza schoeniclus,,,1089
150,RHAU,Rhinoceros Auklet,"5, 6, 5A",Cerorhinca monocerata,,,398
1725,RCGO,Richardson's Cackling Goose,"7A, 7, 7B",Branta hutchinsii hutchinsii,,,25
540,RBGU,Ring-billed Gull,"5, 4A, 5A",Larus delawarensis,,,418
1500,RNDU,Ring-necked Duck,"6, 5A",Aythya collaris,,,67
3901,RIKI,Ringed Kingfisher,4,Megaceryle torquata,,,585
4260,RIHU,Rivoli's Hummingbird,X,Eugenes fulgens,,"Appropriate diameter to be determined based on species, gender, and geographic considerations.",552
3431,ROHA,Roadside Hawk,5,Rupornis magnirostris,,Lock-on bands recommended.,251
2360,ROSA,Rock Sandpiper,"2, 1D",Calidris ptilocnemis,,,350
7150,ROWR,Rock Wren,"1, 1C, 0",Salpinctes obsoletus,,,799
8508,ROCP,Rockhopper Penguin,9,Eudyptes chrysocome,,,110
5950,RBGR,Rose-breasted Grosbeak,"1A, 1D, 2",Pheucticus ludovicianus,,,1098
3822,RRPA,Rose-ringed Parakeet,"3, 2, 3A",Psittacula krameri,,"No butt-end bands, special parrot bands only.",645
4411,RTBE,Rose-throated Becard,"1B, 1A, 1",Pachyramphus aglaiae,,,703
1830,ROSP,Roseate Spoonbill,7B,Platalea ajaja,,,232
720,ROST,Roseate Tern,"2, 2A",Sterna dougallii,Y,Hard metal bands recommended.,450
1700,ROGO,Ross's Goose,7B,Anser rossii,,,16
610,ROGU,Ross's Gull,3,Rhodostethia rosea,"Manitoba
Nunavut",,409
3823,RFLO,Rosy-faced Lovebird,"1B, 1A",Agapornis roseicollis,,"No butt-end bands, special parrot bands only.",646
8810,ROWE,Rota White-eye,0,Zosterops rotensis,Y,,836
3470,RLHA,Rough-legged Hawk,"M: 7A, 7B, 6
F: 7B, 7A, 7D",Buteo lagopus,,Lock-on bands recommended.,264
8519,ROAL,Royal Albatross,8,Diomedea epomophora,,,132
8509,ROYP,Royal Penguin,9,Eudyptes schlegeli,,,111
650,ROYT,Royal Tern,"4, 4A",Thalasseus maximus,,,458
7490,RCKI,Ruby-crowned Kinglet,0A,Corthylio calendula,,,821
4280,RTHU,Ruby-throated Hummingbird,X,Archilochus colubris,,"Appropriate diameter to be determined based on species, gender, and geographic considerations.",557
1670,RUDU,Ruddy Duck,"M: 7A, 6
F: 6, 7A",Oxyura jamaicensis,,,87
3201,RUGD,Ruddy Ground Dove,2,Columbina talpacoti,,,478
3221,RUQD,Ruddy Quail-Dove,"3A, 4, 3B",Geotrygon montana,,,479
2830,RUTU,Ruddy Turnstone,"2A, 2, 3",Arenaria interpres,,,336
2341,RRKN,Rufa Red Knot,"2, 2A",Calidris canutus rufa,Y,,339
2600,RUFF,Ruff,"3, 2A",Calidris pugnax,,,341
8690,RUFA,Rufous Fantail,"0A, 0",Rhipidura rufifrons,,,731
4330,RUHU,Rufous Hummingbird,X,Selasphorus rufus,,"Appropriate diameter to be determined based on species, gender, and geographic considerations.",563
7622,RBRO,Rufous-backed Robin,2,Turdus rufopalliatus,,,871
6921,RCWA,Rufous-capped Warbler,"1, 0",Basileuterus rufifrons,,,987
5581,RUFS,Rufous-collared Sparrow,"1, 1B",Zonotrichia capensis,,,1068
5800,RCSP,Rufous-crowned Sparrow,"1, 1C, 1B",Aimophila ruficeps,,,1025
4380,RUFH,Rufous-tailed Hummingbird,X,Amazilia tzacatl,,"Appropriate diameter to be determined based on species, gender, and geographic considerations.",573
9127,RTSO,Rufous-throated Solitaire,"1, 1B, 1C",Myadestes genibarbis,,,852
5790,RWSP,Rufous-winged Sparrow,"0, 1C, 1",Peucaea carpalis,,,1029
5351,RUBU,Rustic Bunting,"1, 1C",Emberiza rustica,,,1086
5090,RUBL,Rusty Blackbird,"2, 1D",Euphagus carolinus,,,1118
620,SAGU,Sabine's Gull,"3, 3B",Xema sabini,,,405
9094,SAFL,Sad Flycatcher,"1C, 1",Myiarchus barbirostris,,,681
5861,SAFI,Saffron Finch,"1B, 1",Sicalis flaveola,,,1017
7020,SATH,Sage Thrasher,"1B, 1A, 1D",Oreoscoptes montanus,"Alberta
British Columbia
Saskatchewan",,887
5743,SBSP,Sagebrush Sparrow,"1, 1C",Artemisiospiza nevadensis,,AOU split from 5740 Sage Sparrow in 2014.,1044
5490,SALS,Saltmarsh Sparrow,"1, 1B, 1C",Ammospiza caudacuta,,,1059
8640,SAST,Samoan Starling,"M: 3B, 3A, 4
F: 3, 3B, 3A",Aplonis atrifusca,,,894
5741,SCBS,San Clemente Bell's Sparrow,1,Artemisiospiza belli belli,Y,,1046
6227,SLSH,San Clemente Loggerhead Shrike,"1D, 1A, 2",Lanius ludovicianus mearnsi,Y,,709
2480,SAND,Sanderling,"1A, 1D",Calidris alba,,,348
2060,SACR,Sandhill Crane,"8, 8A, 9",Antigone canadensis,,,289
670,SATE,Sandwich Tern,3B,Thalasseus sandvicensis,,,460
5420,SAVS,Savannah Sparrow,"1, 1C, 0",Passerculus sandwichensis,,,1049
4570,SAPH,Say's Phoebe,"1, 1C",Sayornis saya,,,679
8110,SBMU,Scaly-breasted Munia,"0, 0A",Lonchura punctulata,,,1211
3141,SNPI,Scaly-naped Pigeon,5,Patagioenas squamosa,,,465
1850,SCIB,Scarlet Ibis,6,Eudocimus ruber,,,228
6080,SCTA,Scarlet Tanager,1B,Piranga olivacea,,,1092
4430,STFL,Scissor-tailed Flycatcher,1A,Tyrannus forficatus,,,701
5040,SCOR,Scott's Oriole,1A,Icterus parisorum,,,1144
251,SCMU,Scripps's Murrelet,"2, 2A",Synthliboramphus scrippsi,,Split from XAMU (0250) in August 2012.,389
5500,SESP,Seaside Sparrow,1B,Ammospiza maritima,,,1061
7240,SEWR,Sedge Wren,"0A, 0",Cistothorus stellaris,,,806
2740,SEPL,Semipalmated Plover,"1A, 1B, 1D",Charadrius semipalmatus,,,309
2460,SESA,Semipalmated Sandpiper,"1B, 1",Calidris pusilla,,,358
3320,SSHA,Sharp-shinned Hawk,"M: 2, 3
F: 3B, 3A, 3",Accipiter striatus,,,244
2380,SHAS,Sharp-tailed Sandpiper,"1A, 1D",Calidris acuminata,,,342
4961,SHCO,Shiny Cowbird,"2, 1D, 1A",Molothrus bonariensis,,,1124
2310,SBDO,Short-billed Dowitcher,"2, 2A",Limnodromus griseus,,,360
553,SHOG,Short-billed Gull,"4A, 4, 5",Larus brachyrhynchus,,"from Mew Gull Split, AOS 62nd Supplement (2021)",417
3670,SEOW,Short-eared Owl,6,Asio flammeus,,Lock-on bands recommended.,525
820,STAL,Short-tailed Albatross,8,Phoebastria albatrus,Y,,131
3440,STHA,Short-tailed Hawk,6,Buteo brachyurus,,Lock-on bands recommended.,256
960,SHOS,Short-tailed Shearwater,"5, 4A",Ardenna tenuirostris,,,167
4231,STSW,Short-tailed Swift,"1B, 1, 1C",Chaetura brachyura,,,541
8780,SHGD,Shy Ground Dove,"3A, 4",Alopecoenas stairi,Y,,481
7491,SIAC,Siberian Accentor,0A,Prunella montanella,,,901
7641,SIRU,Siberian Rubythroat,"1B, 1",Calliope calliope,,,842
7140,SIWR,Sinaloa Wren,"1B, 1",Thryophilus sinaloa,,,811
5670,SCJU,Slate-colored Junco,"0, 1C, 1",Junco hyemalis hyemalis,,,1080
6890,SLAR,Slate-throated Redstart,"0A, 0",Myioborus miniatus,,,993
480,SBGU,Slaty-backed Gull,7A,Larus schistisagus,,,426
1729,SCGO,Small Canada/Cackling Goose,"7B, 7, 7A",Branta canadensis parvipes,,"B. hutchinsii, nondistinguishable to subspecies, or B. c. parvipes",27
4722,SBEL,Small-billed Elaenia,"1, 1C, 0, 1B",Elaenia parvirostris,,,650
5370,SMLO,Smith's Longspur,"1, 1C",Calcarius pictus,,,919
3830,SBAN,Smooth-billed Ani,"3A, 4",Crotophaga ani,,,501
3300,SNKI,Snail Kite,6,Rostrhamus sociabilis,Y,Lock-on bands recommended.,240
5340,SNBU,Snow Bunting,"1A, 1B",Plectrophenax nivalis,,,921
8537,SNPE,Snow Petrel,4,Pagodroma nivea,,,138
1695,SBGI,Snow X Blue Goose Intergrade,7B,,,,12
1703,SRGH,Snow X Ross's Goose Hybrid,7B,,,,15
1970,SNEG,Snowy Egret,6,Egretta thula,,,219
3760,SNOW,Snowy Owl,"8A, 8, 9",Bubo scandiacus,,Rivet or Lock-on bands recommended.,511
2780,SNPL,Snowy Plover,1P,Charadrius nivosus,,,305
8543,SNSH,Snowy Sheathbill,"7A, 6",Chionis albus,,,314
2560,SOSA,Solitary Sandpiper,"1A, 1D, 2",Tringa solitaria,,,319
6299,SOVI,Solitary Vireo,"1C, 1, 0",,,"Includes Vireo solitarius, V. plumbeus, and V. cassinii, prior to split in 1998. Explain in Remarks why the unspecified code was chosen.",723
5810,SOSP,Song Sparrow,"1B, 1, 1C",Melospiza melodia,,,1065
8523,SOAL,Sooty Albatross,8,Phoebetria fusca,,,133
950,SOSH,Sooty Shearwater,"5, 5A, 4A",Ardenna grisea,,,166
750,SOTE,Sooty Tern,3,Onychoprion fuscatus,,,437
2140,SORA,Sora,"2, 2A, 3",Porzana carolina,,Band above the intertarsal joint only (size 2).,278
352,SPSK,South Polar Skua,"7A, 7B",Stercorarius maccormicki,,,372
8526,SOFU,Southern Fulmar,5,Fulmarus glacialoides,,,135
8525,SGPE,Southern Giant-Petrel,"8, 7D",Macronectes giganteus,,,125
9109,SHWR,Southern House Wren,0,Troglodytes aedon musculus,,,802
4664,SWFL,Southwestern Willow Flycatcher,"0, 0A",Empidonax traillii extimus,Y,,667
1580,SPEI,Spectacled Eider,"7A, 6",Somateria fischeri,Y,,72
2450,SPOS,Spoon-billed Sandpiper,1A,Calidris pygmea,,,346
5032,SPOO,Spot-breasted Oriole,2,Icterus pectoralis,,,1140
3151,SPDO,Spotted Dove,"3A, 4",Streptopelia chinensis,,Require 4 short.,474
3690,SPOW,Spotted Owl,7B,Strix occidentalis,British Columbia,Lock-on bands recommended.,517
2630,SPSA,Spotted Sandpiper,"1B, 1A",Actitis macularius,,,318
5880,SPTO,Spotted Towhee,"M: 1D, 2, 1A
F: 1D, 1A, 2",Pipilo maculatus,,AOU split from 5876 in 1998.,1020
3686,SBOH,Spotted X Barred Owl Hybrid,7B,,,Lock-on bands recommended. Strix occidentalis X S. varia.,518
7000,SPPI,Sprague's Pipit,"1, 1C",Anthus spragueii,"Alberta
Manitoba
Saskatchewan",,910
6643,SLWA,St. Lucia Warbler,"0A, 0",Setophaga delicata,,,978
1003,STPE,Stejneger's Petrel,3,Pterodroma longirostris,,,155
1570,STEI,Steller's Eider,"7A, 6",Polysticta stelleri,Y,,71
4780,STJA,Steller's Jay,"3, 2, 3B",Cyanocitta stelleri,,,738
2330,STSA,Stilt Sandpiper,"1A, 1D",Calidris himantopus,,,343
4553,STOF,Stolid Flycatcher,1B,Myiarchus stolidus,,,688
5051,STRO,Streak-backed Oriole,1A,Icterus pustulatus,,,1136
4741,SHLA,Streaked Horned Lark,1B,Eremophila alpestris strigata,Y,"E. a. strigata only in OR, WA. BC",764
881,STRS,Streaked Shearwater,3B,Calonectris leucomelas,,,159
9071,STTL,Streamertail,X,Trochilus polytmus,,Includes both Trochilus polytmus (Red-billed) and Trochilus scitulus (Black-billed Streamertail),576
4510,SBFL,Sulphur-bellied Flycatcher,"1B, 1A",Myiodynastes luteiventris,,,692
6100,SUTA,Summer Tanager,"1A, 1B",Piranga rubra,,,1091
1660,SUSC,Surf Scoter,7A,Melanitta perspicillata,,,76
2820,SURF,Surfbird,"2A, 3, 2",Calidris virgata,,,340
6634,SUWA,Sutton's Warbler,0A,,,Setophaga americana x S. dominica hybrid,974
3420,SWHA,Swainson's Hawk,"M: 7A, 6
F: 7A, 7B",Buteo swainsoni,,Lock-on bands recommended.,257
7580,SWTH,Swainson's Thrush,1B,Catharus ustulatus,,,862
6380,SWWA,Swainson's Warbler,"1, 1C, 0",Limnothlypis swainsonii,,,934
3270,STKI,Swallow-tailed Kite,6,Elanoides forficatus,,Lock-on bands recommended.,238
5840,SWSP,Swamp Sparrow,"1, 1C, 0",Melospiza georgiana,,,1067
2302,SWSN,Swinhoe's Snipe,3,Gallinago megala,,,365
1004,TAPE,Tahiti Petrel,4,Pseudobulweria rostrata,,,156
1711,TABG,Taiga Bean-Goose,"7B, 8",Anser fabalis,,,4
7710,TAFL,Taiga Flycatcher,0,Ficedula albicilla,,,845
4891,TACR,Tamaulipas Crow,4,Corvus imparatus,,,754
1724,TCGO,Taverner's Cackling Goose,"7A, 7, 7B",Branta hutchinsii taverneri,,,24
5001,TSBL,Tawny-shouldered Blackbird,"1B, 1A",Agelaius humeralis,,,1111
6470,TEWA,Tennessee Warbler,"0A, 0",Leiothlypis peregrina,,,936
431,THGU,Thayer's Gull,6,Larus glaucoides thayeri,,,423
4451,TBKI,Thick-billed Kingbird,1A,Tyrannus crassirostris,,,696
5390,TBLO,Thick-billed Longspur,"1, 1C",Rhynchophanes mccownii,"Alberta
Saskatchewan",,920
310,TBMU,Thick-billed Murre,"6M, 5R, 6, 5",Uria lomvia,,,380
3821,TBPA,Thick-billed Parrot,"4A, 4",Rhynchopsitta pachyrhyncha,Y,"No butt-end bands, special parrot bands only.",637
9130,TBVI,Thick-billed Vireo,"1C, 1",Vireo crassirostris,,,712
8530,TBPR,Thin-billed Prion,3,Pachyptila belcheri,,,142
8560,TIMO,Tinian Monarch,"0, 1C",Monarcha takatsukasae,,,733
931,TOSH,Townsend's Shearwater,4,Puffinus auricularis,,,171
7540,TOSO,Townsend's Solitaire,1B,Myadestes townsendi,,,851
6680,TOWA,Townsend's Warbler,"0A, 0",Setophaga townsendi,,,981
6686,THWH,Townsend's X Hermit Warbler Hybrid,"0A, 0",,,,982
4669,TRFL,Traill's Flycatcher,"0A, 0",,,"Empidonax alnorum and E. traillii, prior to split in 1973.",665
6140,TRES,Tree Swallow,"1, 0, 1C",Tachycineta bicolor,,,768
5000,TRBL,Tricolored Blackbird,"2, 2A, 1D",Agelaius tricolor,,,1110
1990,TRHE,Tricolored Heron,6,Egretta tricolor,,,221
8120,TRMU,Tricolored Munia,"0, 1C, 1",Lonchura malacca,,,1212
986,TRPE,Trindade Petrel,4,Pterodroma arminjoniana,,,149
1071,TRSP,Tristram's Storm-Petrel,"2, 2A",Hydrobates tristrami,,,186
4460,TRKI,Tropical Kingbird,"1A, 1B, 1D",Tyrannus melancholicus,,,693
7032,TRMO,Tropical Mockingbird,"1A, 1D, 2",Mimus gilvus,,,889
6490,TRPA,Tropical Parula,0A,Setophaga pitiayumi,,,957
922,TRSH,Tropical Shearwater,"3, 3B, 3A",Puffinus bailloni,,,174
1810,TRUS,Trumpeter Swan,"9C, 9",Cygnus buccinator,,,32
1491,TUDU,Tufted Duck,5,Aythya fuligula,,,68
120,TUPU,Tufted Puffin,"6, 5, 5A",Fratercula cirrhata,,,401
7310,TUTI,Tufted Titmouse,1B,Baeolophus bicolor,,,789
1719,TWFG,Tule White-fronted Goose,8,Anser albifrons elgasi,,,8
3250,TUVU,Turkey Vulture,8V,Cathartes aura,,Cannot band with metal bands--request “air” bands for reporting wing-tagged birds.,234
7357,UNCH,Unidentified Chickadee,"0, 0A, 1C, 1",,,,784
5276,UNRE,Unidentified Common/Hoary Redpoll,0,,,Unspecified Acanthis flammea or A. hornemanni. Explain in Remarks why the unspecified code was chosen.,1186
4679,UNEM,Unidentified Empidonax,"0A, 0",,,Explain in Remarks why the unidentified code was chosen,676
7579,GCBT,Unidentified Gray-cheeked/Bicknell's Thrush,1B,,,,861
534,UNGU,Unidentified Gull,"5, 5A",,,Explain in Remarks why the unidentified code was chosen.,432
4409,UNHU,Unidentified Hummingbird,X,,,"Appropriate diameter to be determined based on species, gender, and geographic considerations.",567
550,UMGU,Unidentified Mew Gull,"4A, 4, 5",,,"Mew Gull Split, AOS 62nd Supplement (2021)",415
5876,URST,Unidentified Rufous-sided Towhee,"2, 1A, 1D",,,Includes Pipilo erythrophthalmus and P. maculatus prior to split in 1998. Explain in Remarks why the unidentified code was chosen.,1022
5740,USSP,Unidentified Sage Sparrow,"1, 1C",,,Unspecified Artemisiospiza belli or A. nevadensis (not A. b. clementeae). Explain in Remarks why the unspecified code was chosen.,1045
4024,UNSA,Unidentified Sapsucker,"1A, 1B, 1D",,,,601
4331,UNSE,Unidentified Selasphorus Hummingbird,X,,,,565
5499,STSP,Unidentified Sharp-tailed Sparrow,"1, 1B, 1C",,,Unspecified Ammodramus caudacutus or A. nelsoni. Explain in Remarks why the unspecified code was chosen.,1060
1401,UNTE,Unidentified Teal,"5, 4A",,,Explain in Remarks why the unidentified code was chosen.,63
6020,UWSE,Unidentified White-collared Seedeater,"0, 0A",,,,1005
5677,UDEJ,Unspecified Dark-eyed Junco,"0, 1C, 1",Junco hyemalis,,To be used for Dark-eyed Juncos whose subspecies cannot be determined.,1082
4124,UNFL,Unspecified Northern Flicker,"3, 3B",Colaptes auratus,,,614
3340,UNGO,Unspecified Northern Goshawk,"M: 6, 7A
F: 7A, 7B",,British Columbia,Lock-on bands recommended.,247
6721,UPWA,Unspecified Palm Warbler,"0, 0A",Setophaga palmarum,,Undifferentiated Western / Yellow Palm Warbler,967
4810,UWSJ,Unspecified Western Scrub-Jay,"3, 2, 2A",,,Includes Aphelocoma californica and A. woodhouseii prior to split in AOS 57th Supplement (2016),743
5540,UWCS,Unspecified White-crowned Sparrow,1B,Zonotrichia leucophrys,,,1071
6556,UYRW,Unspecified Yellow-rumped Warbler,"0, 1C, 0A, 1",Setophaga coronata,,Undifferentiated Myrtle / Audubon's Warbler. Use only if uncertain.,971
2610,UPSA,Upland Sandpiper,"3, 2A",Bartramia longicauda,,,328
6000,VABU,Varied Bunting,"1, 1C",Passerina versicolor,,,1105
7630,VATH,Varied Thrush,2,Ixoreus naevius,,,875
7341,VATI,Varied Tit,"1B, 1, 1C",Sittiparus varius,,,785
4240,VASW,Vaux's Swift,1,Chaetura vauxi,,,540
7560,VEER,Veery,1B,Catharus fuscescens,,,858
9166,VETR,Venezuelan Troupial,3,Icterus icterus,,,1135
7460,VERD,Verdin,"0A, 0",Auriparus flaviceps,,,792
4710,VEFL,Vermilion Flycatcher,"0, 0A, 1C, 1",Pyrocephalus rubinus,,,680
5400,VESP,Vesper Sparrow,"1B, 1, 1C",Pooecetes gramineus,British Columbia,,1040
8506,VIPE,Victoria Penguin,9,Eudyptes pachyrhynchus,,,109
4391,VCHU,Violet-crowned Hummingbird,X,Ramosomyia violiceps,,"Appropriate diameter to be determined based on species, gender, and geographic considerations.",575
6150,VGSW,Violet-green Swallow,"1, 0, 1C",Tachycineta thalassina,,,769
2120,VIRA,Virginia Rail,"2, 3, 2A",Rallus limicola,,Band above the intertarsal joint only.,277
6440,VIWA,Virginia's Warbler,"0A, 0",Leiothlypis virginiae,,,941
811,WAAL,Wandering Albatross,8,Diomedea exulans,,,127
2590,WATA,Wandering Tattler,"3, 2, 2A",Tringa incana,,,321
6270,WAVI,Warbling Vireo,"0, 1C, 1",Vireo gilvus,,,725
6226,WAWE,Warbling White-eye,"0A, 0",Zosterops japonicus,,,828
8670,WAHO,Wattled Honeyeater,"1A, 1D, 2",Foulehaio carunculatus,,,705
824,WAVA,Waved Albatross,8,Phoebastria irrorata,,,130
1063,WRSP,Wedge-rumped Storm-Petrel,1B,Hydrobates tethys,,,184
961,WTSH,Wedge-tailed Shearwater,"5, 4A, 4",Ardenna pacifica,,,164
1771,WIWD,West Indian Whistling-Duck,7B,Dendrocygna arborea,,,2
4092,WIWO,West Indian Woodpecker,"3, 2A, 2",Melanerpes superciliaris,,,595
7670,WEBL,Western Bluebird,1B,Sialia mexicana,,,848
4649,WEFL,Western Flycatcher,"0A, 0",Empidonax difficilis,,"Elevated to species, AOS 64rd Supplement (2023)",673
10,WEGR,Western Grebe,"7B, 7, 7A",Aechmophorus occidentalis,,,100
490,WEGU,Western Gull,"6, 7A",Larus occidentalis,,,419
4470,WEKI,Western Kingbird,"1A, 1B",Tyrannus verticalis,,,697
5011,WEME,Western Meadowlark,"M: 3
F: 2, 3",Sturnella neglecta,,,1114
6720,WPWA,Western Palm Warbler,"0, 0A",Setophaga palmarum palmarum,,,965
2470,WESA,Western Sandpiper,"1B, 1",Calidris mauri,,,359
3732,WESO,Western Screech-Owl,"5, 4A, 4",Megascops kennicottii,British Columbia,Lock-on bands recommended.,506
2781,WSPL,Western Snowy Plover,1P,Charadrius nivosus nivosus,Y,"Endangered western populations (coastal CA, OR, WA).",306
6101,WESP,Western Spindalis,"1B, 1A",Spindalis zena,,,1000
6070,WETA,Western Tanager,1B,Piranga ludoviciana,,,1093
4620,WEWP,Western Wood-Pewee,"0A, 0, 1C, 1",Contopus sordidulus,,,656
3871,WYBC,Western Yellow-billed Cuckoo,"2, 3",Coccyzus americanus,Y,"Endangered western US populations (AZ, CA, CO, ID, MT, NV, NM, OR, TX, UT, WA, WY).",495
12,WCGR,Western/Clark's Grebe,"7A, 7B",,,Unspecified Aechmophorus occidentalis or A. clarkii.,101
2650,WHIM,Whimbrel,"4, 4A",Numenius phaeopus,,,329
190,WHAU,Whiskered Auklet,3,Aethia pygmaea,,,396
3731,WHSO,Whiskered Screech-Owl,"4, 3A",Megascops trichopsis,,Lock-on bands recommended.,508
781,WHIT,Whiskered Tern,2,Chlidonias hybrida,,,449
1800,WHSW,Whistling Swan,9,Cygnus columbianus columbianus,,,33
1840,WHIB,White Ibis,"6, 7A",Eudocimus albus,,,227
793,WHTE,White Tern,"2, 2A",Gygis alba,,,436
6940,WHWA,White Wagtail,"1, 1C",Motacilla alba,,,904
7270,WBNU,White-breasted Nuthatch,"1B, 1, 1C",Sitta carolinensis,,,795
823,WCAL,White-capped Albatross,8,Thalassarche cauta,,,119
1431,WHIP,White-cheeked Pintail,"5, 5A",Anas bahamensis,,,57
8533,WCPE,White-chinned Petrel,"7A, 6, 5A, 5",Procellaria aequinoctialis,,,158
9122,WCTH,White-chinned Thrush,2,Turdus aurantius,,,873
3140,WCPI,White-crowned Pigeon,"4, 4A",Patagioenas leucocephala,,Require 4 or 4A short.,466
4401,WEHU,White-eared Hummingbird,X,Basilinna leucotis,,"Appropriate diameter to be determined based on species, gender, and geographic considerations.",577
9120,WETH,White-eyed Thrush,2,Turdus jamaicensis,,,870
6310,WEVI,White-eyed Vireo,"0, 0A",Vireo griseus,,,711
1870,WFIB,White-faced Ibis,6,Plegadis chihi,,,230
1110,WFSP,White-faced Storm-Petrel,3,Pelagodroma marina,,,178
3990,WHWO,White-headed Woodpecker,"1D, 2, 1A",Picoides albolarvatus,British Columbia,,608
4871,WNCR,White-necked Crow,"5, 6",Corvus leucognaphalus,Y,,752
2400,WRSA,White-rumped Sandpiper,"1A, 1B",Calidris fuscicollis,,,355
7690,WRSH,White-rumped Shama,"1B, 1A, 1D",Copsychus malabaricus,,,841
8610,WRSW,White-rumped Swiftlet,"0, 1, 1C",Aerodramus spodiopygius,,,542
3410,WTHA,White-tailed Hawk,"7A, 7B",Geranoaetus albicaudatus,,Lock-on bands recommended.,258
3280,WTKI,White-tailed Kite,"6, 5",Elanus leucurus,,Lock-on bands recommended.,239
1120,WTTR,White-tailed Tropicbird,"4, 4A, 3A",Phaethon lepturus,,,188
3154,WTGD,White-throated Ground Dove,"4, 3A",Pampusana xanthonura,,,480
5580,WTSP,White-throated Sparrow,1B,Zonotrichia albicollis,,,1069
1101,WHSP,White-throated Storm-Petrel,"3, 2A, 2",Nesofregetta fuliginosa,,,179
4250,WTSW,White-throated Swift,2,Aeronautes saxatalis,,,545
3180,WTDO,White-tipped Dove,"3A, 4, 3B",Leptotila verreauxi,,,488
5220,WWCR,White-winged Crossbill,1B,Loxia leucoptera,,,1183
3190,WWDO,White-winged Dove,"4, 3A",Zenaida asiatica,,,490
5660,WWJU,White-winged Junco,"1, 0, 1C",Junco hyemalis aikeni,,,1078
3818,WWPA,White-winged Parakeet,"2, 3",Brotogeris versicolurus,,"No butt-end bands, special parrot bands only.",639
1650,WWSC,White-winged Scoter,"7A, 7",Melanitta deglandi,,,77
780,WWTE,White-winged Tern,2,Chlidonias leucopterus,,,448
1790,WHOS,Whooper Swan,9,Cygnus cygnus,,,35
2040,WHCR,Whooping Crane,"9, 9V",Grus americana,Y,,292
2580,WILL,Willet,"4, 4A, 3A",Tringa semipalmata,,,324
4040,WISA,Williamson's Sapsucker,1A,Sphyrapicus thyroideus,British Columbia,,596
4660,WIFL,Willow Flycatcher,"0A, 0",Empidonax traillii,,AOU split from 4669-TRFL in 1973.,666
2240,WIPH,Wilson's Phalarope,"1D, 1A, 2",Phalaropus tricolor,,,368
2800,WIPL,Wilson's Plover,"1D, 1A, 2",Charadrius wilsonia,,,307
2300,WISN,Wilson's Snipe,"3, 3B, 3A, 2",Gallinago delicata,,,363
1090,WISP,Wilson's Storm-Petrel,"1B, 1A",Oceanites oceanicus,,,176
6850,WIWA,Wilson's Warbler,"0A, 0",Cardellina pusilla,,,990
7220,WIWR,Winter Wren,"0A, 0",Troglodytes hiemalis,,,804
1440,WODU,Wood Duck,"M: 5A, 6, 5
F: 5A, 5, 6",Aix sponsa,,,37
2561,WOSA,Wood Sandpiper,"3, 2, 1D, 1A",Tringa glareola,,,327
1880,WOST,Wood Stork,8,Mycteria americana,Y,,191
7550,WOTH,Wood Thrush,1A,Hylocichla mustelina,"New Brunswick
Nova Scotia
Ontario
Québec",,864
7473,WOWA,Wood Warbler,0A,Phylloscopus sibilatrix,,,823
4812,WOSJ,Woodhouse's Scrub-Jay,"3, 2, 2A",Aphelocoma woodhouseii,,,744
6390,WEWA,Worm-eating Warbler,"1C, 0, 1",Helmitheros vermivorum,,,924
5640,WOSP,Worthen's Sparrow,"0, 0A",Spizella wortheni,,,1038
7420,WREN,Wrentit,"1, 1C, 1B",Chamaea fasciata,,,827
250,XAMU,Xantus's Murrelet,"2, 2A",,,Unspecified Synthliboramphus scrippsi / S. hypoleucus.,388
1911,YEBI,Yellow Bittern,4,Ixobrychus sinensis,,,213
5961,YEGR,Yellow Grosbeak,"2, 1A, 1D",Pheucticus chrysopeplus,,,1097
6729,YPWA,Yellow Palm Warbler,"0, 0A",Setophaga palmarum hypochrysea,,,966
2150,YERA,Yellow Rail,"2, 1D",Coturnicops noveboracensis,,,266
6520,YEWA,Yellow Warbler,"0, 0A, 1C, 1",Setophaga petechia,,,961
9099,YBEL,Yellow-bellied Elaenia,"1, 1B",Elaenia flavogaster,,,652
4630,YBFL,Yellow-bellied Flycatcher,"0A, 0",Empidonax flaviventris,,,662
4020,YBSA,Yellow-bellied Sapsucker,"1B, 1A",Sphyrapicus varius,,,597
9182,YBSE,Yellow-bellied Seedeater,0,Sporophila nigricollis,,,1008
5923,YBCA,Yellow-billed Cardinal,"1A, 1D",Paroaria capitata,,,998
3870,YBCU,Yellow-billed Cuckoo,"2, 3",Coccyzus americanus,,,494
80,YBLO,Yellow-billed Loon,"9, 8A",Gavia adamsii,,,94
4760,YBMA,Yellow-billed Magpie,3A,Pica nuttalli,,,748
6830,YBCH,Yellow-breasted Chat,"1B, 1A, 1D",Icteria virens,"British Columbia
Ontario",Some may require size 2.,994
2131,YBCR,Yellow-breasted Crake,"3, 2",Hapalocrex flaviventer,,,279
3819,YCPA,Yellow-chevroned Parakeet,"2, 3",Brotogeris chiriri,,"No butt-end bands, special parrot bands only.",640
8042,YCBI,Yellow-crowned Bishop,0A,Euplectes afer,,,1200
2030,YCNH,Yellow-crowned Night-Heron,"7A, 7",Nyctanassa violacea,,,226
5700,YEJU,Yellow-eyed Junco,"1, 1C, 0",Junco phaeonotus,,,1084
6032,YFGR,Yellow-faced Grassquit,"0, 0A, 1C",Tiaris olivaceus,,,1010
491,YFGU,Yellow-footed Gull,6,Larus livens,,,420
5332,YFCA,Yellow-fronted Canary,"0, 1",Crithagra mozambica,,,1194
6250,YGVI,Yellow-green Vireo,"1, 1C, 0",Vireo flavoviridis,,,728
4970,YHBL,Yellow-headed Blackbird,"M: 2, 3, 1D
F: 1A, 1D, 2",Xanthocephalus xanthocephalus,,,1117
830,YNAL,Yellow-nosed Albatross,8,Thalassarche chlororhynchos,,,118
4120,YSFL,Yellow-shafted Flicker,"3, 3B",Colaptes auratus auratus,,,611
5002,YSBL,Yellow-shouldered Blackbird,2,Agelaius xanthomus,Y,,1112
9176,YSGR,Yellow-shouldered Grassquit,"0, 1",Loxipasser anoxanthus,,,1012
6280,YTVI,Yellow-throated Vireo,"1C, 1",Vireo flavifrons,,,719
6630,YTWA,Yellow-throated Warbler,"0A, 0",Setophaga dominica,,,973
2113,YRRA,Yuma Ridgway's Rail,5,Rallus obsoletus yumanensis,Y,,274
3153,ZEBD,Zebra Dove,"3, 2",Geopelia striata,,,475
3170,ZEND,Zenaida Dove,"4, 3A",Zenaida aurita,,,491
3400,ZTHA,Zone-tailed Hawk,"7A, 6",Buteo albonotatus,,Lock-on bands recommended.,259
5586,ZSHY,Zonotrichia Sparrow Hybrid,1B,,,Report suspected parentage as a remark (e.g. Species1 x Species2).,1079